replicate,slope_id,level_value,estimate,n_obs
1,abuse_at_minus1sd,-1.0,-0.12995230874962305,14425
1,abuse_at_plus1sd,1.0,0.01302784099511601,14425
2,abuse_at_minus1sd,-1.0,-0.14065590792299437,14425
2,abuse_at_plus1sd,1.0,0.004937185808157843,14425
3,abuse_at_minus1sd,-1.0,-0.13935749857348817,14425
3,abuse_at_plus1sd,1.0,-0.008147718690992858,14425
4,abuse_at_minus1sd,-1.0,-0.12924338848699005,14425
4,abuse_at_plus1sd,1.0,0.009871435282439452,14425
5,abuse_at_minus1sd,-1.0,-0.14110273250830388,14425
5,abuse_at_plus1sd,1.0,0.005722013043861773,14425
6,abuse_at_minus1sd,-1.0,-0.11794659295652041,14425
6,abuse_at_plus1sd,1.0,0.012304049107038278,14425
7,abuse_at_minus1sd,-1.0,-0.11011917448590383,14425
7,abuse_at_plus1sd,1.0,-0.0030764107205560887,14425
8,abuse_at_minus1sd,-1.0,-0.12683222541529293,14425
8,abuse_at_plus1sd,1.0,0.021296897117761338,14425
9,abuse_at_minus1sd,-1.0,-0.13589298671163405,14425
9,abuse_at_plus1sd,1.0,-0.03309674900503998,14425
10,abuse_at_minus1sd,-1.0,-0.12411523187640142,14425
10,abuse_at_plus1sd,1.0,0.012685688931242632,14425
11,abuse_at_minus1sd,-1.0,-0.15694010077785037,14425
11,abuse_at_plus1sd,1.0,0.004210577497974655,14425
12,abuse_at_minus1sd,-1.0,-0.11492319347595728,14425
12,abuse_at_plus1sd,1.0,0.027342352718065198,14425
13,abuse_at_minus1sd,-1.0,-0.139489357861525,14425
13,abuse_at_plus1sd,1.0,-0.0013958545945705753,14425
14,abuse_at_minus1sd,-1.0,-0.11407260675459299,14425
14,abuse_at_plus1sd,1.0,0.020297012974366806,14425
15,abuse_at_minus1sd,-1.0,-0.1261454539003852,14425
15,abuse_at_plus1sd,1.0,0.0085840683479761,14425
16,abuse_at_minus1sd,-1.0,-0.09741934612274689,14425
16,abuse_at_plus1sd,1.0,0.026423302089735146,14425
17,abuse_at_minus1sd,-1.0,-0.14341587562617508,14425
17,abuse_at_plus1sd,1.0,-0.0010121584364548714,14425
18,abuse_at_minus1sd,-1.0,-0.15074588983082082,14425
18,abuse_at_plus1sd,1.0,-0.00026473696504887567,14425
19,abuse_at_minus1sd,-1.0,-0.16871545228807613,14425
19,abuse_at_plus1sd,1.0,0.005743113297574209,14425
20,abuse_at_minus1sd,-1.0,-0.11527795200825607,14425
20,abuse_at_plus1sd,1.0,0.022265763709230765,14425
21,abuse_at_minus1sd,-1.0,-0.11519909734239712,14425
21,abuse_at_plus1sd,1.0,0.0050256337039674,14425
22,abuse_at_minus1sd,-1.0,-0.11759098635770159,14425
22,abuse_at_plus1sd,1.0,0.050169096153125994,14425
23,abuse_at_minus1sd,-1.0,-0.1191945891395062,14425
23,abuse_at_plus1sd,1.0,-0.0021975664487353247,14425
24,abuse_at_minus1sd,-1.0,-0.14620717195542898,14425
24,abuse_at_plus1sd,1.0,-0.03641196725227482,14425
25,abuse_at_minus1sd,-1.0,-0.11226591521070817,14425
25,abuse_at_plus1sd,1.0,0.027749844390124782,14425
26,abuse_at_minus1sd,-1.0,-0.13152163163823696,14425
26,abuse_at_plus1sd,1.0,0.03271895231163738,14425
27,abuse_at_minus1sd,-1.0,-0.14366932071544763,14425
27,abuse_at_plus1sd,1.0,0.012663385870980495,14425
28,abuse_at_minus1sd,-1.0,-0.10395779649068923,14425
28,abuse_at_plus1sd,1.0,0.017100772744371412,14425
29,abuse_at_minus1sd,-1.0,-0.13552785341292697,14425
29,abuse_at_plus1sd,1.0,-0.02955366701257283,14425
30,abuse_at_minus1sd,-1.0,-0.14257128909945205,14425
30,abuse_at_plus1sd,1.0,-0.00033523573952924657,14425
31,abuse_at_minus1sd,-1.0,-0.13245164404141446,14425
31,abuse_at_plus1sd,1.0,0.0076090026831261495,14425
32,abuse_at_minus1sd,-1.0,-0.14060698534530364,14425
32,abuse_at_plus1sd,1.0,0.01595235531440331,14425
33,abuse_at_minus1sd,-1.0,-0.136875829383655,14425
33,abuse_at_plus1sd,1.0,0.009785129251262167,14425
34,abuse_at_minus1sd,-1.0,-0.09310088094660943,14425
34,abuse_at_plus1sd,1.0,0.0045464684757814955,14425
35,abuse_at_minus1sd,-1.0,-0.12673415371316074,14425
35,abuse_at_plus1sd,1.0,0.005090526394744221,14425
36,abuse_at_minus1sd,-1.0,-0.15215326544455407,14425
36,abuse_at_plus1sd,1.0,0.028148744766919392,14425
37,abuse_at_minus1sd,-1.0,-0.14530525594444832,14425
37,abuse_at_plus1sd,1.0,0.0037037028360007024,14425
38,abuse_at_minus1sd,-1.0,-0.1688477056360876,14425
38,abuse_at_plus1sd,1.0,-0.03127417857821352,14425
39,abuse_at_minus1sd,-1.0,-0.11015055646792049,14425
39,abuse_at_plus1sd,1.0,0.005645509513789115,14425
40,abuse_at_minus1sd,-1.0,-0.15535892715465716,14425
40,abuse_at_plus1sd,1.0,0.0021373433422534893,14425
41,abuse_at_minus1sd,-1.0,-0.13334957951166307,14425
41,abuse_at_plus1sd,1.0,0.0027766963519879617,14425
42,abuse_at_minus1sd,-1.0,-0.1169013082127974,14425
42,abuse_at_plus1sd,1.0,0.021880595835035828,14425
43,abuse_at_minus1sd,-1.0,-0.12629664082100733,14425
43,abuse_at_plus1sd,1.0,0.004533473702910115,14425
44,abuse_at_minus1sd,-1.0,-0.1448530316902309,14425
44,abuse_at_plus1sd,1.0,-0.0014207720417501873,14425
45,abuse_at_minus1sd,-1.0,-0.12054881577168072,14425
45,abuse_at_plus1sd,1.0,0.04899340300079652,14425
46,abuse_at_minus1sd,-1.0,-0.1404333711503179,14425
46,abuse_at_plus1sd,1.0,-0.006043198425550386,14425
47,abuse_at_minus1sd,-1.0,-0.15307473241329733,14425
47,abuse_at_plus1sd,1.0,0.0005333702398369194,14425
48,abuse_at_minus1sd,-1.0,-0.1108957687215014,14425
48,abuse_at_plus1sd,1.0,0.031668542659422635,14425
49,abuse_at_minus1sd,-1.0,-0.13005973814760985,14425
49,abuse_at_plus1sd,1.0,0.0009208763393457192,14425
50,abuse_at_minus1sd,-1.0,-0.128456439175714,14425
50,abuse_at_plus1sd,1.0,-0.012163783725790599,14425
51,abuse_at_minus1sd,-1.0,-0.13699446471690466,14425
51,abuse_at_plus1sd,1.0,0.003330420659660216,14425
52,abuse_at_minus1sd,-1.0,-0.12929600856192358,14425
52,abuse_at_plus1sd,1.0,0.0028170285344963075,14425
53,abuse_at_minus1sd,-1.0,-0.1294258670346613,14425
53,abuse_at_plus1sd,1.0,0.02054482614839321,14425
54,abuse_at_minus1sd,-1.0,-0.14061455662561467,14425
54,abuse_at_plus1sd,1.0,0.0311159151560084,14425
55,abuse_at_minus1sd,-1.0,-0.11121896594768035,14425
55,abuse_at_plus1sd,1.0,0.02647644439751313,14425
56,abuse_at_minus1sd,-1.0,-0.13439817844713126,14425
56,abuse_at_plus1sd,1.0,0.0012499124264328393,14425
57,abuse_at_minus1sd,-1.0,-0.1127155648664934,14425
57,abuse_at_plus1sd,1.0,0.034721485493070754,14425
58,abuse_at_minus1sd,-1.0,-0.10565310321738655,14425
58,abuse_at_plus1sd,1.0,0.018082065575039268,14425
59,abuse_at_minus1sd,-1.0,-0.1255674036258599,14425
59,abuse_at_plus1sd,1.0,0.013544371834836394,14425
60,abuse_at_minus1sd,-1.0,-0.10851508026707499,14425
60,abuse_at_plus1sd,1.0,0.001039343827243265,14425
61,abuse_at_minus1sd,-1.0,-0.13080130300776444,14425
61,abuse_at_plus1sd,1.0,0.009482452292684698,14425
62,abuse_at_minus1sd,-1.0,-0.11437689859308278,14425
62,abuse_at_plus1sd,1.0,-0.0007752223558507784,14425
63,abuse_at_minus1sd,-1.0,-0.11624025424245658,14425
63,abuse_at_plus1sd,1.0,0.01863609539502377,14425
64,abuse_at_minus1sd,-1.0,-0.10423525832300372,14425
64,abuse_at_plus1sd,1.0,0.030825733327562763,14425
65,abuse_at_minus1sd,-1.0,-0.13798838464514407,14425
65,abuse_at_plus1sd,1.0,0.02359614026031899,14425
66,abuse_at_minus1sd,-1.0,-0.13179659117920958,14425
66,abuse_at_plus1sd,1.0,-0.017924491513177064,14425
67,abuse_at_minus1sd,-1.0,-0.14864662126906805,14425
67,abuse_at_plus1sd,1.0,0.010278009895286239,14425
68,abuse_at_minus1sd,-1.0,-0.12339689288091207,14425
68,abuse_at_plus1sd,1.0,0.03086040682685312,14425
69,abuse_at_minus1sd,-1.0,-0.15219404140746018,14425
69,abuse_at_plus1sd,1.0,-0.020719141653652823,14425
70,abuse_at_minus1sd,-1.0,-0.13784942222141333,14425
70,abuse_at_plus1sd,1.0,0.015084062379199195,14425
71,abuse_at_minus1sd,-1.0,-0.10675461158425818,14425
71,abuse_at_plus1sd,1.0,0.0375003828678243,14425
72,abuse_at_minus1sd,-1.0,-0.1305335640150861,14425
72,abuse_at_plus1sd,1.0,0.0036256820494651038,14425
73,abuse_at_minus1sd,-1.0,-0.12418274440109617,14425
73,abuse_at_plus1sd,1.0,0.02286336105152864,14425
74,abuse_at_minus1sd,-1.0,-0.14983439082779199,14425
74,abuse_at_plus1sd,1.0,0.00620428382234324,14425
75,abuse_at_minus1sd,-1.0,-0.09240173494922344,14425
75,abuse_at_plus1sd,1.0,0.04817004332925148,14425
76,abuse_at_minus1sd,-1.0,-0.13837817382283263,14425
76,abuse_at_plus1sd,1.0,0.026150580962142594,14425
77,abuse_at_minus1sd,-1.0,-0.13373794733134625,14425
77,abuse_at_plus1sd,1.0,-0.00403064705197638,14425
78,abuse_at_minus1sd,-1.0,-0.10513409861919945,14425
78,abuse_at_plus1sd,1.0,0.017690097275857998,14425
79,abuse_at_minus1sd,-1.0,-0.1460894073420737,14425
79,abuse_at_plus1sd,1.0,0.009350182325797984,14425
80,abuse_at_minus1sd,-1.0,-0.11022735085767896,14425
80,abuse_at_plus1sd,1.0,0.04402636819273664,14425
81,abuse_at_minus1sd,-1.0,-0.13596360184052336,14425
81,abuse_at_plus1sd,1.0,0.004450082813745773,14425
82,abuse_at_minus1sd,-1.0,-0.11737812864358377,14425
82,abuse_at_plus1sd,1.0,0.007002310900153068,14425
83,abuse_at_minus1sd,-1.0,-0.11414263423286494,14425
83,abuse_at_plus1sd,1.0,0.00991935623790887,14425
84,abuse_at_minus1sd,-1.0,-0.13751475724465723,14425
84,abuse_at_plus1sd,1.0,0.005245723274350758,14425
85,abuse_at_minus1sd,-1.0,-0.16745393627359778,14425
85,abuse_at_plus1sd,1.0,-0.015767227421766436,14425
86,abuse_at_minus1sd,-1.0,-0.11989144972016676,14425
86,abuse_at_plus1sd,1.0,0.023760506697991637,14425
87,abuse_at_minus1sd,-1.0,-0.10453919424739587,14425
87,abuse_at_plus1sd,1.0,0.05016287177578756,14425
88,abuse_at_minus1sd,-1.0,-0.14517853664444585,14425
88,abuse_at_plus1sd,1.0,-0.010075367595943227,14425
89,abuse_at_minus1sd,-1.0,-0.13184798246859283,14425
89,abuse_at_plus1sd,1.0,0.019514505565250667,14425
90,abuse_at_minus1sd,-1.0,-0.12855624410145483,14425
90,abuse_at_plus1sd,1.0,-0.010728669687906409,14425
91,abuse_at_minus1sd,-1.0,-0.13725687776921222,14425
91,abuse_at_plus1sd,1.0,-0.007366285250499399,14425
92,abuse_at_minus1sd,-1.0,-0.12150957636780202,14425
92,abuse_at_plus1sd,1.0,0.005627756248633375,14425
93,abuse_at_minus1sd,-1.0,-0.13011083501763182,14425
93,abuse_at_plus1sd,1.0,-0.003702430999335135,14425
94,abuse_at_minus1sd,-1.0,-0.13950139877633572,14425
94,abuse_at_plus1sd,1.0,0.0053292355243714645,14425
95,abuse_at_minus1sd,-1.0,-0.13087659844059346,14425
95,abuse_at_plus1sd,1.0,0.017247460459635912,14425
96,abuse_at_minus1sd,-1.0,-0.11196448286974109,14425
96,abuse_at_plus1sd,1.0,0.0089881938468096,14425
97,abuse_at_minus1sd,-1.0,-0.11891890841849403,14425
97,abuse_at_plus1sd,1.0,0.040528125042985384,14425
98,abuse_at_minus1sd,-1.0,-0.13803765294536902,14425
98,abuse_at_plus1sd,1.0,0.024064464474592005,14425
99,abuse_at_minus1sd,-1.0,-0.1361540461180886,14425
99,abuse_at_plus1sd,1.0,-0.027802192849355173,14425
100,abuse_at_minus1sd,-1.0,-0.13547670694961716,14425
100,abuse_at_plus1sd,1.0,-0.027171234332651624,14425
101,abuse_at_minus1sd,-1.0,-0.10580242386139975,14425
101,abuse_at_plus1sd,1.0,0.017405011833937167,14425
102,abuse_at_minus1sd,-1.0,-0.142355571618818,14425
102,abuse_at_plus1sd,1.0,0.004567155812711013,14425
103,abuse_at_minus1sd,-1.0,-0.10994174294134487,14425
103,abuse_at_plus1sd,1.0,0.0035949774488883146,14425
104,abuse_at_minus1sd,-1.0,-0.09135693875976099,14425
104,abuse_at_plus1sd,1.0,0.05543955127448093,14425
105,abuse_at_minus1sd,-1.0,-0.09866575113947121,14425
105,abuse_at_plus1sd,1.0,0.025508038426952942,14425
106,abuse_at_minus1sd,-1.0,-0.10843001890491019,14425
106,abuse_at_plus1sd,1.0,0.011485841134028764,14425
107,abuse_at_minus1sd,-1.0,-0.15587611927720033,14425
107,abuse_at_plus1sd,1.0,-0.020585726116884306,14425
108,abuse_at_minus1sd,-1.0,-0.11077874775471971,14425
108,abuse_at_plus1sd,1.0,0.019287222800688987,14425
109,abuse_at_minus1sd,-1.0,-0.09560644855986176,14425
109,abuse_at_plus1sd,1.0,0.008512528685294979,14425
110,abuse_at_minus1sd,-1.0,-0.11521194646239019,14425
110,abuse_at_plus1sd,1.0,-0.0021541207390434053,14425
111,abuse_at_minus1sd,-1.0,-0.11280459865326815,14425
111,abuse_at_plus1sd,1.0,0.011056970789664347,14425
112,abuse_at_minus1sd,-1.0,-0.12085282492938668,14425
112,abuse_at_plus1sd,1.0,0.015112981739261816,14425
113,abuse_at_minus1sd,-1.0,-0.12679001627288133,14425
113,abuse_at_plus1sd,1.0,-0.016052593098346557,14425
114,abuse_at_minus1sd,-1.0,-0.11199470423360947,14425
114,abuse_at_plus1sd,1.0,0.011735479509797163,14425
115,abuse_at_minus1sd,-1.0,-0.11605718814026532,14425
115,abuse_at_plus1sd,1.0,0.019394045148182756,14425
116,abuse_at_minus1sd,-1.0,-0.12066238168677199,14425
116,abuse_at_plus1sd,1.0,-0.02027542886332892,14425
117,abuse_at_minus1sd,-1.0,-0.09155394392040406,14425
117,abuse_at_plus1sd,1.0,0.03263937834960475,14425
118,abuse_at_minus1sd,-1.0,-0.12387670124389807,14425
118,abuse_at_plus1sd,1.0,0.02068711656882189,14425
119,abuse_at_minus1sd,-1.0,-0.15006157188710112,14425
119,abuse_at_plus1sd,1.0,0.0063007827353193935,14425
120,abuse_at_minus1sd,-1.0,-0.12554406260163217,14425
120,abuse_at_plus1sd,1.0,0.012201219041496326,14425
121,abuse_at_minus1sd,-1.0,-0.12107800743970631,14425
121,abuse_at_plus1sd,1.0,-0.005431350589199101,14425
122,abuse_at_minus1sd,-1.0,-0.15590142896234283,14425
122,abuse_at_plus1sd,1.0,-0.023494318665405883,14425
123,abuse_at_minus1sd,-1.0,-0.13125621580480332,14425
123,abuse_at_plus1sd,1.0,0.009165689083276106,14425
124,abuse_at_minus1sd,-1.0,-0.14771200122666073,14425
124,abuse_at_plus1sd,1.0,0.024677629408817743,14425
125,abuse_at_minus1sd,-1.0,-0.12278508280699063,14425
125,abuse_at_plus1sd,1.0,0.007707750021408562,14425
126,abuse_at_minus1sd,-1.0,-0.13579024133858042,14425
126,abuse_at_plus1sd,1.0,0.03455015264434188,14425
127,abuse_at_minus1sd,-1.0,-0.15424749652591907,14425
127,abuse_at_plus1sd,1.0,-0.030934740844544686,14425
128,abuse_at_minus1sd,-1.0,-0.13740164595018706,14425
128,abuse_at_plus1sd,1.0,-0.008997332416284295,14425
129,abuse_at_minus1sd,-1.0,-0.1296278717800226,14425
129,abuse_at_plus1sd,1.0,0.03379431134286691,14425
130,abuse_at_minus1sd,-1.0,-0.10030189661224709,14425
130,abuse_at_plus1sd,1.0,0.012270741109212675,14425
131,abuse_at_minus1sd,-1.0,-0.09311243511672104,14425
131,abuse_at_plus1sd,1.0,0.03737816359574092,14425
132,abuse_at_minus1sd,-1.0,-0.15678772355355286,14425
132,abuse_at_plus1sd,1.0,0.007884901651723494,14425
133,abuse_at_minus1sd,-1.0,-0.13003189018192834,14425
133,abuse_at_plus1sd,1.0,0.0043242783966959825,14425
134,abuse_at_minus1sd,-1.0,-0.1096988500830679,14425
134,abuse_at_plus1sd,1.0,0.02189429764856215,14425
135,abuse_at_minus1sd,-1.0,-0.10954972640853405,14425
135,abuse_at_plus1sd,1.0,-0.010458404568665855,14425
136,abuse_at_minus1sd,-1.0,-0.13339690021755274,14425
136,abuse_at_plus1sd,1.0,0.008025069911722166,14425
137,abuse_at_minus1sd,-1.0,-0.13615900205919518,14425
137,abuse_at_plus1sd,1.0,0.0017614553477691142,14425
138,abuse_at_minus1sd,-1.0,-0.14392396607541638,14425
138,abuse_at_plus1sd,1.0,-0.007228822834301152,14425
139,abuse_at_minus1sd,-1.0,-0.08887328457948596,14425
139,abuse_at_plus1sd,1.0,0.018125988752476604,14425
140,abuse_at_minus1sd,-1.0,-0.1492689682422182,14425
140,abuse_at_plus1sd,1.0,-0.020898070547560807,14425
141,abuse_at_minus1sd,-1.0,-0.12390679191009145,14425
141,abuse_at_plus1sd,1.0,0.03194161111921638,14425
142,abuse_at_minus1sd,-1.0,-0.1300421379787524,14425
142,abuse_at_plus1sd,1.0,0.005934445377523086,14425
143,abuse_at_minus1sd,-1.0,-0.1256125050961038,14425
143,abuse_at_plus1sd,1.0,0.016004138928327145,14425
144,abuse_at_minus1sd,-1.0,-0.15201745113691192,14425
144,abuse_at_plus1sd,1.0,-0.004755889917585909,14425
145,abuse_at_minus1sd,-1.0,-0.12436909349258557,14425
145,abuse_at_plus1sd,1.0,-0.005140117697750725,14425
146,abuse_at_minus1sd,-1.0,-0.11557457585626386,14425
146,abuse_at_plus1sd,1.0,-0.002718658110337835,14425
147,abuse_at_minus1sd,-1.0,-0.1580377187824995,14425
147,abuse_at_plus1sd,1.0,0.0027134461751731204,14425
148,abuse_at_minus1sd,-1.0,-0.13562692423097408,14425
148,abuse_at_plus1sd,1.0,0.01801437184241802,14425
149,abuse_at_minus1sd,-1.0,-0.09843477471009177,14425
149,abuse_at_plus1sd,1.0,0.032272824919509134,14425
150,abuse_at_minus1sd,-1.0,-0.09308010511757413,14425
150,abuse_at_plus1sd,1.0,0.04982575726755338,14425
151,abuse_at_minus1sd,-1.0,-0.13050889100728869,14425
151,abuse_at_plus1sd,1.0,0.021990616674615923,14425
152,abuse_at_minus1sd,-1.0,-0.12192874112404989,14425
152,abuse_at_plus1sd,1.0,0.029579561230933603,14425
153,abuse_at_minus1sd,-1.0,-0.1483575399816558,14425
153,abuse_at_plus1sd,1.0,-0.002404426482488939,14425
154,abuse_at_minus1sd,-1.0,-0.1117779050307525,14425
154,abuse_at_plus1sd,1.0,0.02705377514837151,14425
155,abuse_at_minus1sd,-1.0,-0.12425287291121671,14425
155,abuse_at_plus1sd,1.0,0.0027115468708053952,14425
156,abuse_at_minus1sd,-1.0,-0.1176021755754068,14425
156,abuse_at_plus1sd,1.0,0.018189596226372576,14425
157,abuse_at_minus1sd,-1.0,-0.1331013038794624,14425
157,abuse_at_plus1sd,1.0,0.0027437941786029457,14425
158,abuse_at_minus1sd,-1.0,-0.12194090084700587,14425
158,abuse_at_plus1sd,1.0,0.02641402117970095,14425
159,abuse_at_minus1sd,-1.0,-0.11417754037520109,14425
159,abuse_at_plus1sd,1.0,0.009230497116608179,14425
160,abuse_at_minus1sd,-1.0,-0.10572502210626553,14425
160,abuse_at_plus1sd,1.0,0.037742432122180807,14425
161,abuse_at_minus1sd,-1.0,-0.11978356934205597,14425
161,abuse_at_plus1sd,1.0,0.04650260460415042,14425
162,abuse_at_minus1sd,-1.0,-0.1548200770641357,14425
162,abuse_at_plus1sd,1.0,-0.011045972393353254,14425
163,abuse_at_minus1sd,-1.0,-0.1022323622016797,14425
163,abuse_at_plus1sd,1.0,0.021250860272834786,14425
164,abuse_at_minus1sd,-1.0,-0.11978068974969583,14425
164,abuse_at_plus1sd,1.0,0.007254627856003705,14425
165,abuse_at_minus1sd,-1.0,-0.12509916049729242,14425
165,abuse_at_plus1sd,1.0,-0.005073219807239029,14425
166,abuse_at_minus1sd,-1.0,-0.11005501364913385,14425
166,abuse_at_plus1sd,1.0,0.03082782862213697,14425
167,abuse_at_minus1sd,-1.0,-0.1351255718868384,14425
167,abuse_at_plus1sd,1.0,0.018675477987505247,14425
168,abuse_at_minus1sd,-1.0,-0.0815980924276608,14425
168,abuse_at_plus1sd,1.0,0.028341468319432336,14425
169,abuse_at_minus1sd,-1.0,-0.15090374105144477,14425
169,abuse_at_plus1sd,1.0,0.0029308207487939025,14425
170,abuse_at_minus1sd,-1.0,-0.12933146751429264,14425
170,abuse_at_plus1sd,1.0,-0.006624907780887486,14425
171,abuse_at_minus1sd,-1.0,-0.10441179993700535,14425
171,abuse_at_plus1sd,1.0,0.04018933431599957,14425
172,abuse_at_minus1sd,-1.0,-0.1288457182237055,14425
172,abuse_at_plus1sd,1.0,0.024533972740338375,14425
173,abuse_at_minus1sd,-1.0,-0.1225721456159414,14425
173,abuse_at_plus1sd,1.0,0.013572425983334802,14425
174,abuse_at_minus1sd,-1.0,-0.1243517669866463,14425
174,abuse_at_plus1sd,1.0,0.0006726218289103483,14425
175,abuse_at_minus1sd,-1.0,-0.12006025685915725,14425
175,abuse_at_plus1sd,1.0,0.010281822996973333,14425
176,abuse_at_minus1sd,-1.0,-0.12079277123265575,14425
176,abuse_at_plus1sd,1.0,0.0212121908165371,14425
177,abuse_at_minus1sd,-1.0,-0.12254210785434312,14425
177,abuse_at_plus1sd,1.0,0.01779550517048091,14425
178,abuse_at_minus1sd,-1.0,-0.11313988555176949,14425
178,abuse_at_plus1sd,1.0,0.03779312419893326,14425
179,abuse_at_minus1sd,-1.0,-0.15298229795001594,14425
179,abuse_at_plus1sd,1.0,-0.0259201916916338,14425
180,abuse_at_minus1sd,-1.0,-0.1365417472256498,14425
180,abuse_at_plus1sd,1.0,-0.00838527614034451,14425
181,abuse_at_minus1sd,-1.0,-0.13106753029049772,14425
181,abuse_at_plus1sd,1.0,-0.017021839593631946,14425
182,abuse_at_minus1sd,-1.0,-0.10089123644859063,14425
182,abuse_at_plus1sd,1.0,0.02805988179441296,14425
183,abuse_at_minus1sd,-1.0,-0.09807290031776353,14425
183,abuse_at_plus1sd,1.0,0.0073051431377842285,14425
184,abuse_at_minus1sd,-1.0,-0.12768214506807607,14425
184,abuse_at_plus1sd,1.0,0.00950010000028214,14425
185,abuse_at_minus1sd,-1.0,-0.11689908237728902,14425
185,abuse_at_plus1sd,1.0,0.012529146753997501,14425
186,abuse_at_minus1sd,-1.0,-0.134366123593207,14425
186,abuse_at_plus1sd,1.0,0.012323708975183562,14425
187,abuse_at_minus1sd,-1.0,-0.1337001265386744,14425
187,abuse_at_plus1sd,1.0,-0.007966224859599094,14425
188,abuse_at_minus1sd,-1.0,-0.11838395843628215,14425
188,abuse_at_plus1sd,1.0,0.009827530045420876,14425
189,abuse_at_minus1sd,-1.0,-0.12273718537905029,14425
189,abuse_at_plus1sd,1.0,0.024964358236796026,14425
190,abuse_at_minus1sd,-1.0,-0.1547125470248089,14425
190,abuse_at_plus1sd,1.0,-0.03531729554788442,14425
191,abuse_at_minus1sd,-1.0,-0.14299371708484904,14425
191,abuse_at_plus1sd,1.0,0.0005537066060303381,14425
192,abuse_at_minus1sd,-1.0,-0.12589591645893994,14425
192,abuse_at_plus1sd,1.0,0.010143547576395656,14425
193,abuse_at_minus1sd,-1.0,-0.16711172781675004,14425
193,abuse_at_plus1sd,1.0,-0.030171049304044864,14425
194,abuse_at_minus1sd,-1.0,-0.14353568991897853,14425
194,abuse_at_plus1sd,1.0,-0.004973105337965647,14425
195,abuse_at_minus1sd,-1.0,-0.14391175269178674,14425
195,abuse_at_plus1sd,1.0,0.010009931995236337,14425
196,abuse_at_minus1sd,-1.0,-0.12017462649443608,14425
196,abuse_at_plus1sd,1.0,-0.006932396797553843,14425
197,abuse_at_minus1sd,-1.0,-0.09739860170117827,14425
197,abuse_at_plus1sd,1.0,0.02837568288654012,14425
198,abuse_at_minus1sd,-1.0,-0.10115912179715102,14425
198,abuse_at_plus1sd,1.0,0.013874050667435439,14425
199,abuse_at_minus1sd,-1.0,-0.15671872317455304,14425
199,abuse_at_plus1sd,1.0,-0.03746441817205006,14425
200,abuse_at_minus1sd,-1.0,-0.10441137294633648,14425
200,abuse_at_plus1sd,1.0,0.01406382534517061,14425
201,abuse_at_minus1sd,-1.0,-0.11595462714791895,14425
201,abuse_at_plus1sd,1.0,0.018378178879555188,14425
202,abuse_at_minus1sd,-1.0,-0.1283747255862323,14425
202,abuse_at_plus1sd,1.0,-0.000810946390880557,14425
203,abuse_at_minus1sd,-1.0,-0.12437104643919336,14425
203,abuse_at_plus1sd,1.0,0.012463646708375908,14425
204,abuse_at_minus1sd,-1.0,-0.1248324577651446,14425
204,abuse_at_plus1sd,1.0,0.004241696848843714,14425
205,abuse_at_minus1sd,-1.0,-0.1503074607184946,14425
205,abuse_at_plus1sd,1.0,-0.01633105245257825,14425
206,abuse_at_minus1sd,-1.0,-0.09542799071617078,14425
206,abuse_at_plus1sd,1.0,0.015207717003360745,14425
207,abuse_at_minus1sd,-1.0,-0.10077467729403353,14425
207,abuse_at_plus1sd,1.0,0.01702521995335852,14425
208,abuse_at_minus1sd,-1.0,-0.1100258949308244,14425
208,abuse_at_plus1sd,1.0,-0.006844326029483337,14425
209,abuse_at_minus1sd,-1.0,-0.10999374455234204,14425
209,abuse_at_plus1sd,1.0,0.044080399167301464,14425
210,abuse_at_minus1sd,-1.0,-0.12079992486955904,14425
210,abuse_at_plus1sd,1.0,0.020875918929986505,14425
211,abuse_at_minus1sd,-1.0,-0.13347723959472307,14425
211,abuse_at_plus1sd,1.0,0.021977743307508152,14425
212,abuse_at_minus1sd,-1.0,-0.1468621804607252,14425
212,abuse_at_plus1sd,1.0,-0.013030890069920795,14425
213,abuse_at_minus1sd,-1.0,-0.1332712384316747,14425
213,abuse_at_plus1sd,1.0,0.01717205674022116,14425
214,abuse_at_minus1sd,-1.0,-0.11699088689784815,14425
214,abuse_at_plus1sd,1.0,0.0468425788610079,14425
215,abuse_at_minus1sd,-1.0,-0.13218237972268154,14425
215,abuse_at_plus1sd,1.0,-0.0026781040175536813,14425
216,abuse_at_minus1sd,-1.0,-0.13532678817405272,14425
216,abuse_at_plus1sd,1.0,-0.0020099212899374608,14425
217,abuse_at_minus1sd,-1.0,-0.10960098734308524,14425
217,abuse_at_plus1sd,1.0,0.015101411173780492,14425
218,abuse_at_minus1sd,-1.0,-0.14722599016553087,14425
218,abuse_at_plus1sd,1.0,0.006308272734358744,14425
219,abuse_at_minus1sd,-1.0,-0.11103414077855153,14425
219,abuse_at_plus1sd,1.0,0.01200398364103935,14425
220,abuse_at_minus1sd,-1.0,-0.11025318841208051,14425
220,abuse_at_plus1sd,1.0,0.037368023934380795,14425
221,abuse_at_minus1sd,-1.0,-0.13966858089025685,14425
221,abuse_at_plus1sd,1.0,-0.007312760294570092,14425
222,abuse_at_minus1sd,-1.0,-0.12435387438926584,14425
222,abuse_at_plus1sd,1.0,0.005920600264530181,14425
223,abuse_at_minus1sd,-1.0,-0.14880201229291498,14425
223,abuse_at_plus1sd,1.0,-0.003736756488168347,14425
224,abuse_at_minus1sd,-1.0,-0.12842094644239957,14425
224,abuse_at_plus1sd,1.0,0.027300432177694768,14425
225,abuse_at_minus1sd,-1.0,-0.1127749486886103,14425
225,abuse_at_plus1sd,1.0,0.027760807002780462,14425
226,abuse_at_minus1sd,-1.0,-0.09695717669318205,14425
226,abuse_at_plus1sd,1.0,0.03581135183222184,14425
227,abuse_at_minus1sd,-1.0,-0.12234200484933974,14425
227,abuse_at_plus1sd,1.0,0.022125900791687213,14425
228,abuse_at_minus1sd,-1.0,-0.1423586746426437,14425
228,abuse_at_plus1sd,1.0,0.018746227941700888,14425
229,abuse_at_minus1sd,-1.0,-0.11812861337524708,14425
229,abuse_at_plus1sd,1.0,0.023249066696548186,14425
230,abuse_at_minus1sd,-1.0,-0.11676915198723692,14425
230,abuse_at_plus1sd,1.0,-0.008317738286526148,14425
231,abuse_at_minus1sd,-1.0,-0.14111733164499884,14425
231,abuse_at_plus1sd,1.0,-0.016889382982696398,14425
232,abuse_at_minus1sd,-1.0,-0.16823456092764055,14425
232,abuse_at_plus1sd,1.0,-0.03699639079844344,14425
233,abuse_at_minus1sd,-1.0,-0.1022842381830881,14425
233,abuse_at_plus1sd,1.0,0.011054620670506388,14425
234,abuse_at_minus1sd,-1.0,-0.08210779837031612,14425
234,abuse_at_plus1sd,1.0,0.047630831890474595,14425
235,abuse_at_minus1sd,-1.0,-0.11266826579449876,14425
235,abuse_at_plus1sd,1.0,0.016278992525373015,14425
236,abuse_at_minus1sd,-1.0,-0.10763042888388223,14425
236,abuse_at_plus1sd,1.0,0.024342547225448638,14425
237,abuse_at_minus1sd,-1.0,-0.12463956082964786,14425
237,abuse_at_plus1sd,1.0,0.01413039186752904,14425
238,abuse_at_minus1sd,-1.0,-0.09611111041126308,14425
238,abuse_at_plus1sd,1.0,-0.0006831700460960335,14425
239,abuse_at_minus1sd,-1.0,-0.14900982970296095,14425
239,abuse_at_plus1sd,1.0,0.00503576026031545,14425
240,abuse_at_minus1sd,-1.0,-0.11660866057983593,14425
240,abuse_at_plus1sd,1.0,-0.0005026068289875965,14425
241,abuse_at_minus1sd,-1.0,-0.12323038112587517,14425
241,abuse_at_plus1sd,1.0,0.004567729703218254,14425
242,abuse_at_minus1sd,-1.0,-0.13237164234675078,14425
242,abuse_at_plus1sd,1.0,0.0055101616060739544,14425
243,abuse_at_minus1sd,-1.0,-0.12937964392498982,14425
243,abuse_at_plus1sd,1.0,-0.030445331112017797,14425
244,abuse_at_minus1sd,-1.0,-0.11862793558939691,14425
244,abuse_at_plus1sd,1.0,0.0072988278878772725,14425
245,abuse_at_minus1sd,-1.0,-0.1279480053776587,14425
245,abuse_at_plus1sd,1.0,-0.008557712492180895,14425
246,abuse_at_minus1sd,-1.0,-0.1435902181492185,14425
246,abuse_at_plus1sd,1.0,-0.00011161876785770186,14425
247,abuse_at_minus1sd,-1.0,-0.1428119917554425,14425
247,abuse_at_plus1sd,1.0,0.00017343989530167747,14425
248,abuse_at_minus1sd,-1.0,-0.11764183083375257,14425
248,abuse_at_plus1sd,1.0,0.012485134805174332,14425
249,abuse_at_minus1sd,-1.0,-0.11145689857870382,14425
249,abuse_at_plus1sd,1.0,0.031087006602660713,14425
250,abuse_at_minus1sd,-1.0,-0.12548685762248707,14425
250,abuse_at_plus1sd,1.0,0.002938358767335794,14425
251,abuse_at_minus1sd,-1.0,-0.1402869204889558,14425
251,abuse_at_plus1sd,1.0,0.002056336035625869,14425
252,abuse_at_minus1sd,-1.0,-0.14844496921513167,14425
252,abuse_at_plus1sd,1.0,-0.010764042433605764,14425
253,abuse_at_minus1sd,-1.0,-0.14978005309343106,14425
253,abuse_at_plus1sd,1.0,-0.02819788450732464,14425
254,abuse_at_minus1sd,-1.0,-0.11002237315819244,14425
254,abuse_at_plus1sd,1.0,0.015983460094017528,14425
255,abuse_at_minus1sd,-1.0,-0.10588096376491668,14425
255,abuse_at_plus1sd,1.0,0.01856610260260704,14425
256,abuse_at_minus1sd,-1.0,-0.10417895552985652,14425
256,abuse_at_plus1sd,1.0,0.0231841294929417,14425
257,abuse_at_minus1sd,-1.0,-0.1414807872734687,14425
257,abuse_at_plus1sd,1.0,-0.021179675085487272,14425
258,abuse_at_minus1sd,-1.0,-0.1364331087588097,14425
258,abuse_at_plus1sd,1.0,0.010453464140861901,14425
259,abuse_at_minus1sd,-1.0,-0.07157419615334211,14425
259,abuse_at_plus1sd,1.0,0.049996317738083704,14425
260,abuse_at_minus1sd,-1.0,-0.15531952153021333,14425
260,abuse_at_plus1sd,1.0,-0.0033658494229763386,14425
261,abuse_at_minus1sd,-1.0,-0.10973734988963807,14425
261,abuse_at_plus1sd,1.0,0.00661858574483342,14425
262,abuse_at_minus1sd,-1.0,-0.13561421457480663,14425
262,abuse_at_plus1sd,1.0,0.001953532052762469,14425
263,abuse_at_minus1sd,-1.0,-0.14066768521171974,14425
263,abuse_at_plus1sd,1.0,-0.006000686046908413,14425
264,abuse_at_minus1sd,-1.0,-0.0970989492528058,14425
264,abuse_at_plus1sd,1.0,0.055182017636687064,14425
265,abuse_at_minus1sd,-1.0,-0.11111136713780939,14425
265,abuse_at_plus1sd,1.0,0.03321567221317926,14425
266,abuse_at_minus1sd,-1.0,-0.08891059038409733,14425
266,abuse_at_plus1sd,1.0,0.03874395240448632,14425
267,abuse_at_minus1sd,-1.0,-0.14896163542594495,14425
267,abuse_at_plus1sd,1.0,-0.0068651140961309975,14425
268,abuse_at_minus1sd,-1.0,-0.12864685556742192,14425
268,abuse_at_plus1sd,1.0,0.005843252306546004,14425
269,abuse_at_minus1sd,-1.0,-0.1285293308004373,14425
269,abuse_at_plus1sd,1.0,-0.030035244077159913,14425
270,abuse_at_minus1sd,-1.0,-0.1520751284179064,14425
270,abuse_at_plus1sd,1.0,-0.013741555101680542,14425
271,abuse_at_minus1sd,-1.0,-0.08257874667635748,14425
271,abuse_at_plus1sd,1.0,0.04427828442623116,14425
272,abuse_at_minus1sd,-1.0,-0.11656286555497307,14425
272,abuse_at_plus1sd,1.0,0.003927778753248054,14425
273,abuse_at_minus1sd,-1.0,-0.11334413564136306,14425
273,abuse_at_plus1sd,1.0,0.013403528757072201,14425
274,abuse_at_minus1sd,-1.0,-0.1405172196743969,14425
274,abuse_at_plus1sd,1.0,0.007297200034047241,14425
275,abuse_at_minus1sd,-1.0,-0.12148414169577196,14425
275,abuse_at_plus1sd,1.0,0.0047169225093773234,14425
276,abuse_at_minus1sd,-1.0,-0.13045283374721567,14425
276,abuse_at_plus1sd,1.0,-0.01881729744733037,14425
277,abuse_at_minus1sd,-1.0,-0.13965538407541642,14425
277,abuse_at_plus1sd,1.0,0.011150180782379004,14425
278,abuse_at_minus1sd,-1.0,-0.1276760850847074,14425
278,abuse_at_plus1sd,1.0,0.0233730387383728,14425
279,abuse_at_minus1sd,-1.0,-0.12333769188460517,14425
279,abuse_at_plus1sd,1.0,0.013567421810180606,14425
280,abuse_at_minus1sd,-1.0,-0.0946410549767858,14425
280,abuse_at_plus1sd,1.0,0.03265029796632827,14425
281,abuse_at_minus1sd,-1.0,-0.1532785546316156,14425
281,abuse_at_plus1sd,1.0,-0.04183511370854181,14425
282,abuse_at_minus1sd,-1.0,-0.14331236146213,14425
282,abuse_at_plus1sd,1.0,0.02980391210013235,14425
283,abuse_at_minus1sd,-1.0,-0.11821841281319401,14425
283,abuse_at_plus1sd,1.0,0.020576878418148738,14425
284,abuse_at_minus1sd,-1.0,-0.13939888573017017,14425
284,abuse_at_plus1sd,1.0,-0.0005646147626684056,14425
285,abuse_at_minus1sd,-1.0,-0.13820861592456546,14425
285,abuse_at_plus1sd,1.0,0.012597245691695971,14425
286,abuse_at_minus1sd,-1.0,-0.16333559643512485,14425
286,abuse_at_plus1sd,1.0,-0.012572327015255555,14425
287,abuse_at_minus1sd,-1.0,-0.09100408791701381,14425
287,abuse_at_plus1sd,1.0,0.013693962764629385,14425
288,abuse_at_minus1sd,-1.0,-0.13365888586985722,14425
288,abuse_at_plus1sd,1.0,0.011324211278320305,14425
289,abuse_at_minus1sd,-1.0,-0.12373580355424078,14425
289,abuse_at_plus1sd,1.0,0.004877253999752321,14425
290,abuse_at_minus1sd,-1.0,-0.13478430532294577,14425
290,abuse_at_plus1sd,1.0,-0.00013683366704576871,14425
291,abuse_at_minus1sd,-1.0,-0.14808526513104073,14425
291,abuse_at_plus1sd,1.0,0.020537488264217002,14425
292,abuse_at_minus1sd,-1.0,-0.1352085229654621,14425
292,abuse_at_plus1sd,1.0,0.003568670433536175,14425
293,abuse_at_minus1sd,-1.0,-0.09651800002678852,14425
293,abuse_at_plus1sd,1.0,0.025294357335664056,14425
294,abuse_at_minus1sd,-1.0,-0.1485439795779022,14425
294,abuse_at_plus1sd,1.0,0.006693812288343676,14425
295,abuse_at_minus1sd,-1.0,-0.13393613233326218,14425
295,abuse_at_plus1sd,1.0,0.004960056391447434,14425
296,abuse_at_minus1sd,-1.0,-0.1092544531535745,14425
296,abuse_at_plus1sd,1.0,-0.0016605653526843012,14425
297,abuse_at_minus1sd,-1.0,-0.10714051457877287,14425
297,abuse_at_plus1sd,1.0,0.04164204118737448,14425
298,abuse_at_minus1sd,-1.0,-0.10938379072987593,14425
298,abuse_at_plus1sd,1.0,0.010475790685935182,14425
299,abuse_at_minus1sd,-1.0,-0.13431261905948672,14425
299,abuse_at_plus1sd,1.0,0.012098456820534023,14425
300,abuse_at_minus1sd,-1.0,-0.0976290496583922,14425
300,abuse_at_plus1sd,1.0,0.0329645362031023,14425
301,abuse_at_minus1sd,-1.0,-0.10883696619021818,14425
301,abuse_at_plus1sd,1.0,0.022320198279067477,14425
302,abuse_at_minus1sd,-1.0,-0.13639176059093858,14425
302,abuse_at_plus1sd,1.0,-0.012949086497824024,14425
303,abuse_at_minus1sd,-1.0,-0.14794787920734595,14425
303,abuse_at_plus1sd,1.0,-0.008063928327875114,14425
304,abuse_at_minus1sd,-1.0,-0.13326001996713366,14425
304,abuse_at_plus1sd,1.0,-0.004605732410337224,14425
305,abuse_at_minus1sd,-1.0,-0.13523130148159718,14425
305,abuse_at_plus1sd,1.0,0.009298498497938276,14425
306,abuse_at_minus1sd,-1.0,-0.13505368923379357,14425
306,abuse_at_plus1sd,1.0,0.016274240711300195,14425
307,abuse_at_minus1sd,-1.0,-0.10595041146474787,14425
307,abuse_at_plus1sd,1.0,0.022411652689098498,14425
308,abuse_at_minus1sd,-1.0,-0.12434568865846272,14425
308,abuse_at_plus1sd,1.0,0.015770042311067198,14425
309,abuse_at_minus1sd,-1.0,-0.10695112040996183,14425
309,abuse_at_plus1sd,1.0,0.015070100348457169,14425
310,abuse_at_minus1sd,-1.0,-0.1420150978868864,14425
310,abuse_at_plus1sd,1.0,-0.0027356983587720207,14425
311,abuse_at_minus1sd,-1.0,-0.1437761282671323,14425
311,abuse_at_plus1sd,1.0,0.01601102039443425,14425
312,abuse_at_minus1sd,-1.0,-0.10618954444243695,14425
312,abuse_at_plus1sd,1.0,0.009529776965453346,14425
313,abuse_at_minus1sd,-1.0,-0.12383185239151226,14425
313,abuse_at_plus1sd,1.0,0.007437810416719599,14425
314,abuse_at_minus1sd,-1.0,-0.1614364083495292,14425
314,abuse_at_plus1sd,1.0,0.0025749147287693896,14425
315,abuse_at_minus1sd,-1.0,-0.11326832052810679,14425
315,abuse_at_plus1sd,1.0,0.03977473979059343,14425
316,abuse_at_minus1sd,-1.0,-0.13521434948897276,14425
316,abuse_at_plus1sd,1.0,0.011354784355140972,14425
317,abuse_at_minus1sd,-1.0,-0.12904393877440332,14425
317,abuse_at_plus1sd,1.0,-0.018947751293518215,14425
318,abuse_at_minus1sd,-1.0,-0.11807292296998168,14425
318,abuse_at_plus1sd,1.0,0.018115720099246085,14425
319,abuse_at_minus1sd,-1.0,-0.12700278039557011,14425
319,abuse_at_plus1sd,1.0,0.002184535960623575,14425
320,abuse_at_minus1sd,-1.0,-0.1452067411566706,14425
320,abuse_at_plus1sd,1.0,-0.005650588253755126,14425
321,abuse_at_minus1sd,-1.0,-0.17510691455589394,14425
321,abuse_at_plus1sd,1.0,-0.020448271222422584,14425
322,abuse_at_minus1sd,-1.0,-0.16081674639680882,14425
322,abuse_at_plus1sd,1.0,-0.02953121128170845,14425
323,abuse_at_minus1sd,-1.0,-0.14241873145020068,14425
323,abuse_at_plus1sd,1.0,0.02215077706675217,14425
324,abuse_at_minus1sd,-1.0,-0.12014088608525622,14425
324,abuse_at_plus1sd,1.0,0.033534316246944085,14425
325,abuse_at_minus1sd,-1.0,-0.12272620670327186,14425
325,abuse_at_plus1sd,1.0,0.008784343141223006,14425
326,abuse_at_minus1sd,-1.0,-0.1483593901700004,14425
326,abuse_at_plus1sd,1.0,-0.007257199079262783,14425
327,abuse_at_minus1sd,-1.0,-0.13340230307336615,14425
327,abuse_at_plus1sd,1.0,0.013531272314440672,14425
328,abuse_at_minus1sd,-1.0,-0.13862484893406724,14425
328,abuse_at_plus1sd,1.0,0.020222813909584157,14425
329,abuse_at_minus1sd,-1.0,-0.12952413926623216,14425
329,abuse_at_plus1sd,1.0,0.012096912738565203,14425
330,abuse_at_minus1sd,-1.0,-0.11796157239318542,14425
330,abuse_at_plus1sd,1.0,0.057150353716165725,14425
331,abuse_at_minus1sd,-1.0,-0.1411654129013785,14425
331,abuse_at_plus1sd,1.0,-0.013269009837776347,14425
332,abuse_at_minus1sd,-1.0,-0.11333230121093094,14425
332,abuse_at_plus1sd,1.0,0.022690578957314307,14425
333,abuse_at_minus1sd,-1.0,-0.09434409305803032,14425
333,abuse_at_plus1sd,1.0,0.035775337551277764,14425
334,abuse_at_minus1sd,-1.0,-0.14281826505564363,14425
334,abuse_at_plus1sd,1.0,0.01166066799338103,14425
335,abuse_at_minus1sd,-1.0,-0.1222493888025725,14425
335,abuse_at_plus1sd,1.0,0.010377583793286488,14425
336,abuse_at_minus1sd,-1.0,-0.12780862285179936,14425
336,abuse_at_plus1sd,1.0,0.020541476936862563,14425
337,abuse_at_minus1sd,-1.0,-0.10033706572601617,14425
337,abuse_at_plus1sd,1.0,0.010856328607565698,14425
338,abuse_at_minus1sd,-1.0,-0.11034462918342407,14425
338,abuse_at_plus1sd,1.0,0.03439754973501928,14425
339,abuse_at_minus1sd,-1.0,-0.11197575372224551,14425
339,abuse_at_plus1sd,1.0,0.027436125909448536,14425
340,abuse_at_minus1sd,-1.0,-0.134258660468245,14425
340,abuse_at_plus1sd,1.0,-0.005639736571332821,14425
341,abuse_at_minus1sd,-1.0,-0.10727580157896077,14425
341,abuse_at_plus1sd,1.0,0.008542672790573462,14425
342,abuse_at_minus1sd,-1.0,-0.11323675766578693,14425
342,abuse_at_plus1sd,1.0,-0.008784175424373694,14425
343,abuse_at_minus1sd,-1.0,-0.154582282057379,14425
343,abuse_at_plus1sd,1.0,-0.02683067901113191,14425
344,abuse_at_minus1sd,-1.0,-0.11649723623459587,14425
344,abuse_at_plus1sd,1.0,0.024334918513109795,14425
345,abuse_at_minus1sd,-1.0,-0.10122075134061159,14425
345,abuse_at_plus1sd,1.0,0.005006164487126465,14425
346,abuse_at_minus1sd,-1.0,-0.12920042869846565,14425
346,abuse_at_plus1sd,1.0,0.02202996960022316,14425
347,abuse_at_minus1sd,-1.0,-0.1287625082787639,14425
347,abuse_at_plus1sd,1.0,0.005614518343046174,14425
348,abuse_at_minus1sd,-1.0,-0.14553067774716302,14425
348,abuse_at_plus1sd,1.0,-0.016123226064063134,14425
349,abuse_at_minus1sd,-1.0,-0.1316009022434026,14425
349,abuse_at_plus1sd,1.0,-0.0012480813442541788,14425
350,abuse_at_minus1sd,-1.0,-0.13106629543019724,14425
350,abuse_at_plus1sd,1.0,0.019498540333988373,14425
351,abuse_at_minus1sd,-1.0,-0.11587292587895598,14425
351,abuse_at_plus1sd,1.0,0.028889641743275803,14425
352,abuse_at_minus1sd,-1.0,-0.1355944405719749,14425
352,abuse_at_plus1sd,1.0,0.021041265286162805,14425
353,abuse_at_minus1sd,-1.0,-0.12361080304582753,14425
353,abuse_at_plus1sd,1.0,0.030623710462589514,14425
354,abuse_at_minus1sd,-1.0,-0.12729544421002092,14425
354,abuse_at_plus1sd,1.0,0.01639384736452891,14425
355,abuse_at_minus1sd,-1.0,-0.14020899406239085,14425
355,abuse_at_plus1sd,1.0,0.020006387468029227,14425
356,abuse_at_minus1sd,-1.0,-0.09699723567382387,14425
356,abuse_at_plus1sd,1.0,0.02567333874892417,14425
357,abuse_at_minus1sd,-1.0,-0.089070355287224,14425
357,abuse_at_plus1sd,1.0,0.04676780769681545,14425
358,abuse_at_minus1sd,-1.0,-0.11606488006136523,14425
358,abuse_at_plus1sd,1.0,0.0018969686097049104,14425
359,abuse_at_minus1sd,-1.0,-0.10680296740717245,14425
359,abuse_at_plus1sd,1.0,0.021619585431878516,14425
360,abuse_at_minus1sd,-1.0,-0.1581979689340649,14425
360,abuse_at_plus1sd,1.0,0.010530430555596534,14425
361,abuse_at_minus1sd,-1.0,-0.13648200617413797,14425
361,abuse_at_plus1sd,1.0,0.018184558493458576,14425
362,abuse_at_minus1sd,-1.0,-0.16709640518462837,14425
362,abuse_at_plus1sd,1.0,-0.007408012655101756,14425
363,abuse_at_minus1sd,-1.0,-0.13533782364350727,14425
363,abuse_at_plus1sd,1.0,0.003642467480135844,14425
364,abuse_at_minus1sd,-1.0,-0.1416503698983967,14425
364,abuse_at_plus1sd,1.0,-0.013980581047073434,14425
365,abuse_at_minus1sd,-1.0,-0.09927578143968054,14425
365,abuse_at_plus1sd,1.0,0.022695453925014153,14425
366,abuse_at_minus1sd,-1.0,-0.14669920478112264,14425
366,abuse_at_plus1sd,1.0,0.005355278702970381,14425
367,abuse_at_minus1sd,-1.0,-0.12050227646673953,14425
367,abuse_at_plus1sd,1.0,-0.007636956997577486,14425
368,abuse_at_minus1sd,-1.0,-0.15312594236710075,14425
368,abuse_at_plus1sd,1.0,0.010613383116256647,14425
369,abuse_at_minus1sd,-1.0,-0.09908104247043661,14425
369,abuse_at_plus1sd,1.0,0.039853019399046674,14425
370,abuse_at_minus1sd,-1.0,-0.128973898654896,14425
370,abuse_at_plus1sd,1.0,0.012896346447739807,14425
371,abuse_at_minus1sd,-1.0,-0.15110969957117948,14425
371,abuse_at_plus1sd,1.0,0.009170813448181186,14425
372,abuse_at_minus1sd,-1.0,-0.11261460523370495,14425
372,abuse_at_plus1sd,1.0,-0.004222003381041346,14425
373,abuse_at_minus1sd,-1.0,-0.12354515540050753,14425
373,abuse_at_plus1sd,1.0,0.010568271293292845,14425
374,abuse_at_minus1sd,-1.0,-0.12265536719435566,14425
374,abuse_at_plus1sd,1.0,-0.004898376044228082,14425
375,abuse_at_minus1sd,-1.0,-0.15387568303014532,14425
375,abuse_at_plus1sd,1.0,0.007093106538161378,14425
376,abuse_at_minus1sd,-1.0,-0.13185728377401315,14425
376,abuse_at_plus1sd,1.0,0.026669146126003157,14425
377,abuse_at_minus1sd,-1.0,-0.12690596789985087,14425
377,abuse_at_plus1sd,1.0,-0.006333285522246976,14425
378,abuse_at_minus1sd,-1.0,-0.09171441515755843,14425
378,abuse_at_plus1sd,1.0,0.02904609472766953,14425
379,abuse_at_minus1sd,-1.0,-0.11355236917585135,14425
379,abuse_at_plus1sd,1.0,0.006084979838591208,14425
380,abuse_at_minus1sd,-1.0,-0.13948715986605506,14425
380,abuse_at_plus1sd,1.0,-0.009891181247518421,14425
381,abuse_at_minus1sd,-1.0,-0.14026349143336495,14425
381,abuse_at_plus1sd,1.0,-0.026974891352287624,14425
382,abuse_at_minus1sd,-1.0,-0.11953778555291612,14425
382,abuse_at_plus1sd,1.0,0.0049769505580405105,14425
383,abuse_at_minus1sd,-1.0,-0.14094197165933903,14425
383,abuse_at_plus1sd,1.0,0.022978874061356278,14425
384,abuse_at_minus1sd,-1.0,-0.10976936751789589,14425
384,abuse_at_plus1sd,1.0,0.021440825877144257,14425
385,abuse_at_minus1sd,-1.0,-0.12674924012788413,14425
385,abuse_at_plus1sd,1.0,0.02750609733702264,14425
386,abuse_at_minus1sd,-1.0,-0.11287249802198736,14425
386,abuse_at_plus1sd,1.0,0.015200996965423416,14425
387,abuse_at_minus1sd,-1.0,-0.11969293626372035,14425
387,abuse_at_plus1sd,1.0,0.024744084565151196,14425
388,abuse_at_minus1sd,-1.0,-0.12164623078620859,14425
388,abuse_at_plus1sd,1.0,0.006710421526188358,14425
389,abuse_at_minus1sd,-1.0,-0.1085650369583214,14425
389,abuse_at_plus1sd,1.0,0.014742022050254364,14425
390,abuse_at_minus1sd,-1.0,-0.12541433887624714,14425
390,abuse_at_plus1sd,1.0,0.006924079073395664,14425
391,abuse_at_minus1sd,-1.0,-0.12783659824022992,14425
391,abuse_at_plus1sd,1.0,-0.0006952559171248263,14425
392,abuse_at_minus1sd,-1.0,-0.1271588487612208,14425
392,abuse_at_plus1sd,1.0,0.025013029580722115,14425
393,abuse_at_minus1sd,-1.0,-0.13568916045599544,14425
393,abuse_at_plus1sd,1.0,0.002153066203900003,14425
394,abuse_at_minus1sd,-1.0,-0.09714326579686663,14425
394,abuse_at_plus1sd,1.0,0.014495452769943427,14425
395,abuse_at_minus1sd,-1.0,-0.09989378780593447,14425
395,abuse_at_plus1sd,1.0,0.0186259590046463,14425
396,abuse_at_minus1sd,-1.0,-0.12345028322027703,14425
396,abuse_at_plus1sd,1.0,0.023334031696530214,14425
397,abuse_at_minus1sd,-1.0,-0.1098566038723974,14425
397,abuse_at_plus1sd,1.0,0.002372953364741026,14425
398,abuse_at_minus1sd,-1.0,-0.1195225421158384,14425
398,abuse_at_plus1sd,1.0,0.02665308632843988,14425
399,abuse_at_minus1sd,-1.0,-0.12705320603512474,14425
399,abuse_at_plus1sd,1.0,-0.013774247463179679,14425
400,abuse_at_minus1sd,-1.0,-0.1327892924474383,14425
400,abuse_at_plus1sd,1.0,0.010067685441115165,14425
401,abuse_at_minus1sd,-1.0,-0.12038750337024662,14425
401,abuse_at_plus1sd,1.0,0.007052251239030784,14425
402,abuse_at_minus1sd,-1.0,-0.13446547031938944,14425
402,abuse_at_plus1sd,1.0,0.004114101475127918,14425
403,abuse_at_minus1sd,-1.0,-0.11363290973049744,14425
403,abuse_at_plus1sd,1.0,0.012776176219952279,14425
404,abuse_at_minus1sd,-1.0,-0.12897836555763365,14425
404,abuse_at_plus1sd,1.0,0.00758760405507395,14425
405,abuse_at_minus1sd,-1.0,-0.08006381084516545,14425
405,abuse_at_plus1sd,1.0,0.03160131903484372,14425
406,abuse_at_minus1sd,-1.0,-0.11616731897321779,14425
406,abuse_at_plus1sd,1.0,-0.006105300572944158,14425
407,abuse_at_minus1sd,-1.0,-0.12197565388769313,14425
407,abuse_at_plus1sd,1.0,0.007902282297460421,14425
408,abuse_at_minus1sd,-1.0,-0.1248613363886683,14425
408,abuse_at_plus1sd,1.0,-0.013808561398848576,14425
409,abuse_at_minus1sd,-1.0,-0.12449844667353789,14425
409,abuse_at_plus1sd,1.0,-0.0003996109301609846,14425
410,abuse_at_minus1sd,-1.0,-0.13125615673668267,14425
410,abuse_at_plus1sd,1.0,0.018567363793752796,14425
411,abuse_at_minus1sd,-1.0,-0.12686891917147738,14425
411,abuse_at_plus1sd,1.0,-0.021854873586811173,14425
412,abuse_at_minus1sd,-1.0,-0.13518351000660905,14425
412,abuse_at_plus1sd,1.0,-0.026307927804595226,14425
413,abuse_at_minus1sd,-1.0,-0.13171217691129497,14425
413,abuse_at_plus1sd,1.0,0.007584805070560918,14425
414,abuse_at_minus1sd,-1.0,-0.13189354797355332,14425
414,abuse_at_plus1sd,1.0,0.016054082987788543,14425
415,abuse_at_minus1sd,-1.0,-0.11674976483858931,14425
415,abuse_at_plus1sd,1.0,0.02640057363087011,14425
416,abuse_at_minus1sd,-1.0,-0.11102815393845664,14425
416,abuse_at_plus1sd,1.0,-0.0022501827758632242,14425
417,abuse_at_minus1sd,-1.0,-0.13533873270432395,14425
417,abuse_at_plus1sd,1.0,-0.023927393694129745,14425
418,abuse_at_minus1sd,-1.0,-0.140505981186943,14425
418,abuse_at_plus1sd,1.0,0.004689670341114199,14425
419,abuse_at_minus1sd,-1.0,-0.14205877509801146,14425
419,abuse_at_plus1sd,1.0,-0.0019704097399736997,14425
420,abuse_at_minus1sd,-1.0,-0.12274696206824823,14425
420,abuse_at_plus1sd,1.0,-0.008515693675711672,14425
421,abuse_at_minus1sd,-1.0,-0.10838559376044347,14425
421,abuse_at_plus1sd,1.0,0.0007447290734316908,14425
422,abuse_at_minus1sd,-1.0,-0.12545744591423486,14425
422,abuse_at_plus1sd,1.0,0.0437957382017619,14425
423,abuse_at_minus1sd,-1.0,-0.1390910635770106,14425
423,abuse_at_plus1sd,1.0,0.018980356031884478,14425
424,abuse_at_minus1sd,-1.0,-0.14218503930654253,14425
424,abuse_at_plus1sd,1.0,-0.0013544306791646865,14425
425,abuse_at_minus1sd,-1.0,-0.11854262061472937,14425
425,abuse_at_plus1sd,1.0,0.021536598928473594,14425
426,abuse_at_minus1sd,-1.0,-0.10662518934351947,14425
426,abuse_at_plus1sd,1.0,0.02458792933237592,14425
427,abuse_at_minus1sd,-1.0,-0.11689481219413156,14425
427,abuse_at_plus1sd,1.0,0.010336120058747046,14425
428,abuse_at_minus1sd,-1.0,-0.13268753636680364,14425
428,abuse_at_plus1sd,1.0,0.007791094275588717,14425
429,abuse_at_minus1sd,-1.0,-0.1604213715849474,14425
429,abuse_at_plus1sd,1.0,-0.009283979320119887,14425
430,abuse_at_minus1sd,-1.0,-0.12807331103780617,14425
430,abuse_at_plus1sd,1.0,0.013540393278053911,14425
431,abuse_at_minus1sd,-1.0,-0.12458715940022416,14425
431,abuse_at_plus1sd,1.0,0.023580224511769027,14425
432,abuse_at_minus1sd,-1.0,-0.12896434605122015,14425
432,abuse_at_plus1sd,1.0,0.008849758513947634,14425
433,abuse_at_minus1sd,-1.0,-0.09716553186217858,14425
433,abuse_at_plus1sd,1.0,0.046747041447489424,14425
434,abuse_at_minus1sd,-1.0,-0.13682662434952153,14425
434,abuse_at_plus1sd,1.0,-0.02547961644527552,14425
435,abuse_at_minus1sd,-1.0,-0.14105980803262907,14425
435,abuse_at_plus1sd,1.0,-0.00017605183376477596,14425
436,abuse_at_minus1sd,-1.0,-0.15106283919208785,14425
436,abuse_at_plus1sd,1.0,0.007064774795832299,14425
437,abuse_at_minus1sd,-1.0,-0.10113284586818082,14425
437,abuse_at_plus1sd,1.0,0.05231290083500202,14425
438,abuse_at_minus1sd,-1.0,-0.11870756385579392,14425
438,abuse_at_plus1sd,1.0,0.025354126794238707,14425
439,abuse_at_minus1sd,-1.0,-0.11063919284756252,14425
439,abuse_at_plus1sd,1.0,0.013575139707241446,14425
440,abuse_at_minus1sd,-1.0,-0.10730675263950856,14425
440,abuse_at_plus1sd,1.0,-0.0033049511948424898,14425
441,abuse_at_minus1sd,-1.0,-0.11518627993710126,14425
441,abuse_at_plus1sd,1.0,0.026041768960533195,14425
442,abuse_at_minus1sd,-1.0,-0.09613358060848495,14425
442,abuse_at_plus1sd,1.0,0.012287322768521798,14425
443,abuse_at_minus1sd,-1.0,-0.09075294816186776,14425
443,abuse_at_plus1sd,1.0,0.005641625098156369,14425
444,abuse_at_minus1sd,-1.0,-0.16973391587258196,14425
444,abuse_at_plus1sd,1.0,-0.023816478028038574,14425
445,abuse_at_minus1sd,-1.0,-0.11363537520513639,14425
445,abuse_at_plus1sd,1.0,0.017711646806805433,14425
446,abuse_at_minus1sd,-1.0,-0.1222127141955999,14425
446,abuse_at_plus1sd,1.0,0.04360148346190012,14425
447,abuse_at_minus1sd,-1.0,-0.09891559794098884,14425
447,abuse_at_plus1sd,1.0,0.0003526301794625694,14425
448,abuse_at_minus1sd,-1.0,-0.1280732858415001,14425
448,abuse_at_plus1sd,1.0,0.019319507698465167,14425
449,abuse_at_minus1sd,-1.0,-0.13452020139309784,14425
449,abuse_at_plus1sd,1.0,0.00966853080617125,14425
450,abuse_at_minus1sd,-1.0,-0.0989823208714964,14425
450,abuse_at_plus1sd,1.0,0.03156036613524173,14425
451,abuse_at_minus1sd,-1.0,-0.10453314650981624,14425
451,abuse_at_plus1sd,1.0,0.008880575902995326,14425
452,abuse_at_minus1sd,-1.0,-0.14885204422613427,14425
452,abuse_at_plus1sd,1.0,0.019185523503325697,14425
453,abuse_at_minus1sd,-1.0,-0.11695773859669051,14425
453,abuse_at_plus1sd,1.0,0.024149938764599442,14425
454,abuse_at_minus1sd,-1.0,-0.11555450836803427,14425
454,abuse_at_plus1sd,1.0,0.010122642223496459,14425
455,abuse_at_minus1sd,-1.0,-0.11692277584119998,14425
455,abuse_at_plus1sd,1.0,0.030726245977279826,14425
456,abuse_at_minus1sd,-1.0,-0.08999899674589751,14425
456,abuse_at_plus1sd,1.0,0.01334922614716811,14425
457,abuse_at_minus1sd,-1.0,-0.1184355235298667,14425
457,abuse_at_plus1sd,1.0,0.012735750239274729,14425
458,abuse_at_minus1sd,-1.0,-0.13984465419625208,14425
458,abuse_at_plus1sd,1.0,0.004412045040556048,14425
459,abuse_at_minus1sd,-1.0,-0.14101995896003444,14425
459,abuse_at_plus1sd,1.0,0.0326707953839361,14425
460,abuse_at_minus1sd,-1.0,-0.13447314430158275,14425
460,abuse_at_plus1sd,1.0,-0.01783120031340539,14425
461,abuse_at_minus1sd,-1.0,-0.11606452936008145,14425
461,abuse_at_plus1sd,1.0,0.027525130140796758,14425
462,abuse_at_minus1sd,-1.0,-0.15863165229095993,14425
462,abuse_at_plus1sd,1.0,-0.02645227365288462,14425
463,abuse_at_minus1sd,-1.0,-0.1221463001032288,14425
463,abuse_at_plus1sd,1.0,0.0011656044289099984,14425
464,abuse_at_minus1sd,-1.0,-0.13535415448995836,14425
464,abuse_at_plus1sd,1.0,-0.018801107161130884,14425
465,abuse_at_minus1sd,-1.0,-0.1151138068325947,14425
465,abuse_at_plus1sd,1.0,0.03099463737364369,14425
466,abuse_at_minus1sd,-1.0,-0.1275366853606329,14425
466,abuse_at_plus1sd,1.0,0.024676427480892826,14425
467,abuse_at_minus1sd,-1.0,-0.12731580546464777,14425
467,abuse_at_plus1sd,1.0,0.0014437521651885638,14425
468,abuse_at_minus1sd,-1.0,-0.1172007110139833,14425
468,abuse_at_plus1sd,1.0,-0.001450563830827263,14425
469,abuse_at_minus1sd,-1.0,-0.12286266731824375,14425
469,abuse_at_plus1sd,1.0,0.030786119161567004,14425
470,abuse_at_minus1sd,-1.0,-0.09759048166442741,14425
470,abuse_at_plus1sd,1.0,0.04873992710355085,14425
471,abuse_at_minus1sd,-1.0,-0.12148713905696748,14425
471,abuse_at_plus1sd,1.0,0.0074880573736015865,14425
472,abuse_at_minus1sd,-1.0,-0.10551572566983437,14425
472,abuse_at_plus1sd,1.0,0.03741312553395694,14425
473,abuse_at_minus1sd,-1.0,-0.1233506843336834,14425
473,abuse_at_plus1sd,1.0,0.01958870618371933,14425
474,abuse_at_minus1sd,-1.0,-0.14430744144512897,14425
474,abuse_at_plus1sd,1.0,-0.012175555130446672,14425
475,abuse_at_minus1sd,-1.0,-0.12051937351040563,14425
475,abuse_at_plus1sd,1.0,0.001223023431531342,14425
476,abuse_at_minus1sd,-1.0,-0.14343793366770075,14425
476,abuse_at_plus1sd,1.0,-0.007900704879696643,14425
477,abuse_at_minus1sd,-1.0,-0.13251122246323005,14425
477,abuse_at_plus1sd,1.0,0.029851760463989123,14425
478,abuse_at_minus1sd,-1.0,-0.1512639961970002,14425
478,abuse_at_plus1sd,1.0,-0.020829267792625658,14425
479,abuse_at_minus1sd,-1.0,-0.13932590049437724,14425
479,abuse_at_plus1sd,1.0,0.015143064273759298,14425
480,abuse_at_minus1sd,-1.0,-0.11192938173804962,14425
480,abuse_at_plus1sd,1.0,-0.013485379575297697,14425
481,abuse_at_minus1sd,-1.0,-0.09217320609812671,14425
481,abuse_at_plus1sd,1.0,0.014590975664870588,14425
482,abuse_at_minus1sd,-1.0,-0.09798137901164186,14425
482,abuse_at_plus1sd,1.0,0.02080839543114562,14425
483,abuse_at_minus1sd,-1.0,-0.10399302413710458,14425
483,abuse_at_plus1sd,1.0,0.027825700698426256,14425
484,abuse_at_minus1sd,-1.0,-0.1392406129168921,14425
484,abuse_at_plus1sd,1.0,0.01196273009253053,14425
485,abuse_at_minus1sd,-1.0,-0.106197503392083,14425
485,abuse_at_plus1sd,1.0,0.03475821303255038,14425
486,abuse_at_minus1sd,-1.0,-0.132831791237441,14425
486,abuse_at_plus1sd,1.0,0.0037593187283822688,14425
487,abuse_at_minus1sd,-1.0,-0.13178419270868708,14425
487,abuse_at_plus1sd,1.0,-0.029104780308461607,14425
488,abuse_at_minus1sd,-1.0,-0.13441557029655374,14425
488,abuse_at_plus1sd,1.0,0.009224134258903366,14425
489,abuse_at_minus1sd,-1.0,-0.1368967469468042,14425
489,abuse_at_plus1sd,1.0,-0.0021271029649553297,14425
490,abuse_at_minus1sd,-1.0,-0.11550760864842932,14425
490,abuse_at_plus1sd,1.0,0.016571170821849973,14425
491,abuse_at_minus1sd,-1.0,-0.11903457709068958,14425
491,abuse_at_plus1sd,1.0,0.008620742831361786,14425
492,abuse_at_minus1sd,-1.0,-0.11612974684310776,14425
492,abuse_at_plus1sd,1.0,0.010713343980149857,14425
493,abuse_at_minus1sd,-1.0,-0.10424016153924476,14425
493,abuse_at_plus1sd,1.0,0.008415734344113482,14425
494,abuse_at_minus1sd,-1.0,-0.16238982065661023,14425
494,abuse_at_plus1sd,1.0,0.009781738783957633,14425
495,abuse_at_minus1sd,-1.0,-0.12877078157629565,14425
495,abuse_at_plus1sd,1.0,0.006733281638512577,14425
496,abuse_at_minus1sd,-1.0,-0.14072283078963232,14425
496,abuse_at_plus1sd,1.0,0.009144516300391828,14425
497,abuse_at_minus1sd,-1.0,-0.10474177237330115,14425
497,abuse_at_plus1sd,1.0,0.03398770604732849,14425
498,abuse_at_minus1sd,-1.0,-0.11548462831250161,14425
498,abuse_at_plus1sd,1.0,0.0105379226265149,14425
499,abuse_at_minus1sd,-1.0,-0.10502190899281102,14425
499,abuse_at_plus1sd,1.0,0.026721038412239655,14425
500,abuse_at_minus1sd,-1.0,-0.16719914478159956,14425
500,abuse_at_plus1sd,1.0,0.023897143479107097,14425
