replicate,cutpoint,cut_label,estimate,std_err,p_value,ci_low,ci_high,n_obs,n_long_rows,n_individuals,n_clusters_sampled
1,3,networth_ge_100k,-0.13578415079468292,0.03127919630096225,1.4181179058314202e-05,-0.19709137554456893,-0.07447692604479692,63036,63036,7004,24
1,4,networth_ge_1m,-0.11135338795533044,0.039435981829280924,0.0047480285793993155,-0.18864791234072104,-0.034058863569939826,63036,63036,7004,24
2,3,networth_ge_100k,0.016933920655493123,0.01424277193762721,0.23445997955131959,-0.010981912342256206,0.04484975365324245,249714,249714,27746,24
2,4,networth_ge_1m,-0.02485478207468375,0.01688994923520271,0.14113640014910422,-0.05795908257568106,0.008249518426313558,249714,249714,27746,24
3,3,networth_ge_100k,-0.11577942298855373,0.030809177440378435,0.0001713094430810056,-0.17616541077169545,-0.055393435205412,67482,67482,7498,24
3,4,networth_ge_1m,-0.10889570185259154,0.039815527851948265,0.006237916622020214,-0.18693413644241014,-0.030857267262772936,67482,67482,7498,24
4,3,networth_ge_100k,-0.008341727594870535,0.02097099995342523,0.6907964657629955,-0.04944488750358399,0.03276143231384292,121878,121878,13542,24
4,4,networth_ge_1m,-0.026809426827972507,0.02555305416373002,0.29410116214113347,-0.07689341298888336,0.023274559332938337,121878,121878,13542,24
5,3,networth_ge_100k,0.00024105348757087752,0.014098690935908395,0.9863587699980488,-0.027392380746809577,0.027874487721951332,256365,256365,28485,24
5,4,networth_ge_1m,-0.038632601597418686,0.01670599567657213,0.02075018948281277,-0.07137635312350006,-0.005888850071337312,256365,256365,28485,24
6,3,networth_ge_100k,0.05810965659511362,0.021540507885801245,0.006982200014875192,0.01589026113894318,0.10032905205128406,115065,115065,12785,24
6,4,networth_ge_1m,0.04013297310015987,0.02608763602466625,0.12395314799560517,-0.01099879350818598,0.09126473970850571,115065,115065,12785,24
7,3,networth_ge_100k,0.050067742460530695,0.0202296257022586,0.013324689338279922,0.010417676084103843,0.08971780883695754,133452,133452,14828,24
7,4,networth_ge_1m,0.041750357329234766,0.024541080127505645,0.08889723984401562,-0.0063501597206762975,0.08985087437914582,133452,133452,14828,24
8,3,networth_ge_100k,-0.006750919398763877,0.014138018935816142,0.6330053475524509,-0.03446143651296352,0.02095959771543576,254196,254196,28244,24
8,4,networth_ge_1m,-0.054574379175162,0.016798398273584363,0.0011589916694837873,-0.08749923979138735,-0.021649518558936653,254196,254196,28244,24
9,3,networth_ge_100k,-0.07711135445612471,0.02684278438874338,0.004069761724477604,-0.12972321185806174,-0.02449949705418769,78894,78894,8766,24
9,4,networth_ge_1m,-0.11769700644772163,0.03552256935361936,0.000922013050112639,-0.18732124238081557,-0.04807277051462769,78894,78894,8766,24
10,3,networth_ge_100k,-0.13856641479339646,0.035664130599678864,0.00010219689991031362,-0.20846811076876703,-0.06866471881802588,49572,49572,5508,24
10,4,networth_ge_1m,-0.057531951768098555,0.04579973130258023,0.2090566893762269,-0.1472994251211558,0.032235521584958696,49572,49572,5508,24
11,3,networth_ge_100k,0.03933186254905725,0.016919370209826583,0.02008989662359005,0.0061698969377971535,0.07249382816031735,183690,183690,20410,24
11,4,networth_ge_1m,0.009200808600578717,0.020152374797618344,0.6479858955590921,-0.03029784600275324,0.04869946320391067,183690,183690,20410,24
12,3,networth_ge_100k,0.056080032750293315,0.01608449983027798,0.0004892234152210119,0.02455441308294847,0.08760565241763815,204093,204093,22677,24
12,4,networth_ge_1m,0.011672226135472918,0.01929505829635832,0.5452232180160914,-0.02614608812538939,0.04949054039633523,204093,204093,22677,24
13,3,networth_ge_100k,-0.11641503783931682,0.03032885554946044,0.00012382601594163877,-0.17585959471625928,-0.05697048096237436,68679,68679,7631,24
13,4,networth_ge_1m,-0.12036128178343021,0.03958072152582936,0.0023586689682709083,-0.19793949597405575,-0.042783067592804674,68679,68679,7631,24
14,3,networth_ge_100k,0.02604056993105283,0.030828034673465527,0.39827602178876853,-0.0343823780289396,0.08646351789104526,67131,67131,7459,24
14,4,networth_ge_1m,0.17913220859014958,0.039905842445110695,7.160138781841413e-06,0.10091675739773262,0.2573476597825666,67131,67131,7459,24
15,3,networth_ge_100k,0.024429858831284845,0.020364909660880753,0.23029256670609632,-0.01548536410404143,0.06434508176661112,128529,128529,14281,24
15,4,networth_ge_1m,0.0004638543294919195,0.024768684712127554,0.9850585293545546,-0.04808276770627808,0.04901047636526192,128529,128529,14281,24
16,3,networth_ge_100k,0.05724317631970216,0.02798706055867222,0.040820920746905104,0.0023885376247046106,0.1120978150146997,79695,79695,8855,24
16,4,networth_ge_1m,0.05753283287465738,0.03647655336949958,0.11473682004531661,-0.013961211729561787,0.12902687747887653,79695,79695,8855,24
17,3,networth_ge_100k,0.045884757608222373,0.016475656646916345,0.00535271835417126,0.013592470580266337,0.07817704463617842,197280,197280,21920,24
17,4,networth_ge_1m,0.01648327833863983,0.019693793408041838,0.40260474826366244,-0.022116556741122173,0.05508311341840183,197280,197280,21920,24
18,3,networth_ge_100k,0.03131910616319991,0.013923653940722607,0.02449053303471735,0.004028744439383603,0.05860946788701622,269973,269973,29997,24
18,4,networth_ge_1m,-0.0027174886422964284,0.016568854632066508,0.8697218084538245,-0.035192443721146785,0.029757466436553928,269973,269973,29997,24
19,3,networth_ge_100k,0.036599639558403146,0.01614132189187665,0.02336275292025763,0.004962648650324912,0.06823663046648137,203211,203211,22579,24
19,4,networth_ge_1m,-0.005861585140086972,0.019327967685245435,0.7616844072120637,-0.04374440180316802,0.032021231522994076,203211,203211,22579,24
20,3,networth_ge_100k,-0.015552454470646848,0.019896823895373755,0.43441727797840046,-0.05455022930557941,0.02344532036428571,140211,140211,15579,24
20,4,networth_ge_1m,-0.010690685180188647,0.024502214846903347,0.6626081614681543,-0.05871502628011921,0.037333655919741915,140211,140211,15579,24
21,3,networth_ge_100k,0.015381128043170225,0.013665361613877354,0.2603535542275013,-0.01140298072002939,0.04216523680636984,281565,281565,31285,24
21,4,networth_ge_1m,-0.026040404972880585,0.016326717477268365,0.11072195254482411,-0.05804077122832658,0.005959961282565408,281565,281565,31285,24
22,3,networth_ge_100k,0.04761888134622294,0.030450921221788496,0.11786662155175301,-0.01206492424848251,0.1073026869409284,64035,64035,7115,24
22,4,networth_ge_1m,0.1211000724724206,0.038738517409574666,0.0017714763046731868,0.045172578349654255,0.19702756659518694,64035,64035,7115,24
23,3,networth_ge_100k,0.05200017652398098,0.02779637260663167,0.06137917980783643,-0.0024807137850170954,0.10648106683297906,79056,79056,8784,24
23,4,networth_ge_1m,0.05989935237206273,0.03558523733378107,0.09232397750915057,-0.009847712802148162,0.12964641754627362,79056,79056,8784,24
24,3,networth_ge_100k,-0.06743377406988751,0.020641879833694376,0.0010875409689806751,-0.10789185854392849,-0.026975689595846536,128304,128304,14256,24
24,4,networth_ge_1m,-0.1007310492185903,0.025136390181480436,6.139622499561439e-05,-0.14999837397429194,-0.051463724462888646,128304,128304,14256,24
25,3,networth_ge_100k,0.14765587194306912,0.029251231366070378,4.4680623237259487e-07,0.09032345846557117,0.20498828542056707,72072,72072,8008,24
25,4,networth_ge_1m,0.2722129287948786,0.03725039701214797,2.7185124481397516e-13,0.19920215065106855,0.3452237069386886,72072,72072,8008,24
26,3,networth_ge_100k,0.0332301466653139,0.014455823797768457,0.021519840277037825,0.004896732021687729,0.06156356130894008,241326,241326,26814,24
26,4,networth_ge_1m,0.006450444731690458,0.01699299771344865,0.7042466074815739,-0.026855830786668894,0.03975672025004981,241326,241326,26814,24
27,3,networth_ge_100k,0.016839805226676552,0.02919660597602254,0.5640930146071148,-0.04038554248632763,0.07406515293968073,72675,72675,8075,24
27,4,networth_ge_1m,0.03170955244326212,0.03824373532156978,0.4070230947497534,-0.04324816878701464,0.10666727367353888,72675,72675,8075,24
28,3,networth_ge_100k,0.020321852747573393,0.01658822310324777,0.22054616120954174,-0.01219106453479224,0.05283477002993903,193608,193608,21512,24
28,4,networth_ge_1m,-0.004586798351145491,0.01977109821196969,0.8165418021694528,-0.04333815084660608,0.0341645541443151,193608,193608,21512,24
29,3,networth_ge_100k,0.014490316465215952,0.021412355726295518,0.498579264952268,-0.027477900758323265,0.05645853368875517,116703,116703,12967,24
29,4,networth_ge_1m,0.017019350462170957,0.026290565615984487,0.5174016872802304,-0.03451015814515864,0.06854885906950056,116703,116703,12967,24
30,3,networth_ge_100k,0.021477567871694747,0.020092043816152497,0.2850882161090661,-0.017902838007964147,0.06085797375135364,135720,135720,15080,24
30,4,networth_ge_1m,-0.00795298235220554,0.024275958539941255,0.7432085668108306,-0.0555338610904904,0.03962789638607932,135720,135720,15080,24
31,3,networth_ge_100k,-0.012137847917064265,0.030133065113762885,0.6870892746465451,-0.07119865554003951,0.04692295970591099,70911,70911,7879,24
31,4,networth_ge_1m,0.05389207897803763,0.0389523397581019,0.1664996750644191,-0.022454506947842096,0.13023866490391736,70911,70911,7879,24
32,3,networth_ge_100k,0.018361349673132563,0.014433053594148319,0.20331144730647466,-0.00992743537139814,0.046650134717663265,247860,247860,27540,24
32,4,networth_ge_1m,-0.010201031054340129,0.01719370906935252,0.5529802639942012,-0.04390070083027107,0.02349863872159081,247860,247860,27540,24
33,3,networth_ge_100k,0.02431527818956565,0.034566188360022246,0.48178088950182996,-0.043434450996077956,0.09206500737520926,59391,59391,6599,24
33,4,networth_ge_1m,0.08420239769109283,0.044308213212223564,0.05738340141477075,-0.0026417002048653437,0.171046495587051,59391,59391,6599,24
34,3,networth_ge_100k,-0.00438810929012734,0.02012101122991075,0.8273621658638477,-0.04382529130075241,0.03504907272049773,134415,134415,14935,24
34,4,networth_ge_1m,-0.011460041976217555,0.024505854754720585,0.6400384341497598,-0.0594915172954699,0.03657143334303479,134415,134415,14935,24
35,3,networth_ge_100k,0.01045917125552498,0.0298947292533221,0.7264387143482296,-0.04813449808098634,0.0690528405920363,71622,71622,7958,24
35,4,networth_ge_1m,0.0356503823358533,0.03890450453205713,0.3594801218240654,-0.04060244654697867,0.11190321121868527,71622,71622,7958,24
36,3,networth_ge_100k,-0.16946332481896995,0.03270902874882154,2.2077740089118162e-07,-0.23357302116666018,-0.10535362847127973,61227,61227,6803,24
36,4,networth_ge_1m,-0.20028311761611403,0.043858679380747834,4.958025135943675e-06,-0.2862461292023798,-0.11432010602984828,61227,61227,6803,24
37,3,networth_ge_100k,0.01704590717389637,0.02788765631217729,0.541044120792312,-0.03761389919797112,0.07170571354576386,76986,76986,8554,24
37,4,networth_ge_1m,0.06808925555526421,0.03625320731851687,0.06035953799186167,-0.0029670307890288516,0.13914554189955727,76986,76986,8554,24
38,3,networth_ge_100k,0.0227676690456233,0.019865813453676554,0.2517650185681841,-0.016169325323582742,0.061704663414829344,140166,140166,15574,24
38,4,networth_ge_1m,0.008324868614478537,0.02458067519242161,0.7348543171040381,-0.039853254762667815,0.05650299199162489,140166,140166,15574,24
39,3,networth_ge_100k,-0.005947016758457574,0.015789506917075254,0.7064384803055681,-0.03689445031592507,0.025000416799009925,212580,212580,23620,24
39,4,networth_ge_1m,-0.03225933142095744,0.01916266430719703,0.09228857426700843,-0.06981815346306361,0.0052994906211487405,212580,212580,23620,24
40,3,networth_ge_100k,0.001707418146885742,0.019859317577237547,0.9314857576259419,-0.03721684430449985,0.04063168059827133,135603,135603,15067,24
40,4,networth_ge_1m,0.007798883464562506,0.02445476308115181,0.749794296837754,-0.040132452174495035,0.05573021910362005,135603,135603,15067,24
41,3,networth_ge_100k,0.03047787633608988,0.014354217919757366,0.03373125612604366,0.00234360921336544,0.05861214345881432,247491,247491,27499,24
41,4,networth_ge_1m,0.001029369642881084,0.01707111723732117,0.9519175756145102,-0.03243002014226841,0.03448875942803058,247491,247491,27499,24
42,3,networth_ge_100k,-0.15801240690222523,0.032020569165820335,8.026757422892763e-07,-0.2207727224672331,-0.09525209133721738,60435,60435,6715,24
42,4,networth_ge_1m,-0.06317860281141707,0.04113308876330943,0.12454924172559753,-0.14379945678750355,0.01744225116466941,60435,60435,6715,24
43,3,networth_ge_100k,-0.030505640848808316,0.016556363558849194,0.0653972714515767,-0.06295611342415273,0.0019448317265361031,190854,190854,21206,24
43,4,networth_ge_1m,-0.0481147500113652,0.019827293326454744,0.01523715172721927,-0.0869762449312165,-0.009253255091513903,190854,190854,21206,24
44,3,networth_ge_100k,0.02680205591947729,0.02010451301685559,0.18248708173564587,-0.012602789593559663,0.06620690143251425,134892,134892,14988,24
44,4,networth_ge_1m,-0.006093851540898643,0.024420506537790685,0.8029444231813941,-0.053958044354968385,0.0417703412731711,134892,134892,14988,24
45,3,networth_ge_100k,0.0036095604024318634,0.014296648406090547,0.800673173418717,-0.02441187047350561,0.03163099127836934,250641,250641,27849,24
45,4,networth_ge_1m,-0.039950671367728036,0.016992656844043528,0.0187202649690976,-0.07325627878205335,-0.0066450639534027245,250641,250641,27849,24
46,3,networth_ge_100k,0.016765289288535157,0.020252073469830198,0.40776635415532747,-0.022928774712332033,0.056459353289402346,134280,134280,14920,24
46,4,networth_ge_1m,0.014602437350120456,0.024524597094096125,0.5515627122840039,-0.03346577295430795,0.06267064765454886,134280,134280,14920,24
47,3,networth_ge_100k,-0.00968985139624913,0.016672958956076216,0.5611247593058125,-0.042368850950158514,0.022989148157660254,186345,186345,20705,24
47,4,networth_ge_1m,-0.06667215028763644,0.01991448737719513,0.0008141992528845908,-0.1057045455469389,-0.027639755028333983,186345,186345,20705,24
48,3,networth_ge_100k,0.058527927961696036,0.02074572188967272,0.004784366409415617,0.017866313057937504,0.09918954286545456,127296,127296,14144,24
48,4,networth_ge_1m,0.05543153353988861,0.025364996782490566,0.028862795853326205,0.0057161398462070995,0.10514692723357012,127296,127296,14144,24
49,3,networth_ge_100k,-0.020667006134342525,0.020911800550051315,0.32300870362775413,-0.061654135212443104,0.020320122943758054,123327,123327,13703,24
49,4,networth_ge_1m,-0.04161653052929801,0.024980432433882673,0.09572035061694666,-0.09057817809970804,0.007345117041112029,123327,123327,13703,24
50,3,networth_ge_100k,0.024931932684822508,0.020657672963617913,0.22746716766833208,-0.0155571063238686,0.06542097169351362,129159,129159,14351,24
50,4,networth_ge_1m,-0.0321039401229323,0.025005609352290566,0.19918760742434183,-0.0811149344534218,0.016907054207557205,129159,129159,14351,24
51,3,networth_ge_100k,-0.023630258239987628,0.014189695969483855,0.09585070462694152,-0.05144206234017598,0.004181545860200725,251532,251532,27948,24
51,4,networth_ge_1m,-0.09160655165357538,0.016797099402402142,4.9328922218613334e-08,-0.12452886648228359,-0.05868423682486718,251532,251532,27948,24
52,3,networth_ge_100k,0.004274351408373456,0.029782098056560853,0.8858788622137819,-0.054098560782485816,0.06264726359923273,71334,71334,7926,24
52,4,networth_ge_1m,0.07591075567756245,0.03732957268395279,0.04199914172493537,0.0027447932170149847,0.1490767181381099,71334,71334,7926,24
53,3,networth_ge_100k,0.06815496699538451,0.016112884488720107,2.338547642386597e-05,0.0365737133974931,0.09973622059327591,204219,204219,22691,24
53,4,networth_ge_1m,0.016867041736365246,0.019373126536769765,0.38395010455085365,-0.021104286275703495,0.054838369748433986,204219,204219,22691,24
54,3,networth_ge_100k,-0.004778182659730221,0.03176929235200897,0.8804470276029842,-0.06704599566966779,0.057489630350207356,64242,64242,7138,24
54,4,networth_ge_1m,0.14471086232217842,0.04205769195076899,0.0005800604832562782,0.0622777860986712,0.22714393854568565,64242,64242,7138,24
55,3,networth_ge_100k,-9.423005479025637e-05,0.020965438790942544,0.9964138860389256,-0.04118649008503764,0.04099802997545713,126144,126144,14016,24
55,4,networth_ge_1m,-0.006996867442586457,0.025467767528632175,0.7835204327519848,-0.05691369179870552,0.042919956913532606,126144,126144,14016,24
56,3,networth_ge_100k,-0.24456379532691755,0.0310636326692492,3.4625311348698337e-15,-0.305448515358646,-0.18367907529518912,61596,61596,6844,24
56,4,networth_ge_1m,-0.27587016432755745,0.03979931461492232,4.163115813449426e-12,-0.3538768209728052,-0.1978635076823097,61596,61596,6844,24
57,3,networth_ge_100k,-0.012826675190497835,0.020722110081913988,0.535926244339483,-0.05344201095104925,0.02778866057005358,125676,125676,13964,24
57,4,networth_ge_1m,-0.032266268349819674,0.0251133758042551,0.1988537881232555,-0.08148848492615968,0.016955948226520322,125676,125676,13964,24
58,3,networth_ge_100k,0.019689667443731164,0.022190570264791813,0.37491802536740426,-0.023803850275260788,0.06318318516272312,109674,109674,12186,24
58,4,networth_ge_1m,0.016787357166508643,0.026649092344869434,0.5287331550737153,-0.035444863829435444,0.06901957816245273,109674,109674,12186,24
59,3,networth_ge_100k,0.023740578043837182,0.021139398770588833,0.26141673673783494,-0.01769264354651693,0.06517379963419129,120366,120366,13374,24
59,4,networth_ge_1m,0.029442197846002494,0.02583496496133579,0.2544421474896108,-0.021194333478215657,0.08007872917022064,120366,120366,13374,24
60,3,networth_ge_100k,0.038919760391410055,0.02149301912552099,0.07017036560683872,-0.0032065570946110886,0.0810460778774312,114678,114678,12742,24
60,4,networth_ge_1m,0.03451887832156435,0.02576868198878063,0.18038612946680976,-0.01598773837644568,0.08502549501957438,114678,114678,12742,24
61,3,networth_ge_100k,-0.03761990979113261,0.030506991680151998,0.21751720142878628,-0.09741361348423053,0.022173793901965305,70047,70047,7783,24
61,4,networth_ge_1m,-0.13079067286655224,0.04100732069463763,0.001425453120394569,-0.211165021428042,-0.05041632430506249,70047,70047,7783,24
62,3,networth_ge_100k,-0.16905466967193883,0.030330960353833286,2.4943246182892495e-08,-0.22850335196545207,-0.10960598737842558,69678,69678,7742,24
62,4,networth_ge_1m,-0.12659918554551505,0.0406552005304679,0.0018458655305438275,-0.20628337858523216,-0.04691499250579796,69678,69678,7742,24
63,3,networth_ge_100k,-0.10107901631307753,0.03618524223082201,0.005216089317657359,-0.17200209108548867,-0.030155941540666392,53973,53973,5997,24
63,4,networth_ge_1m,0.060471488621173394,0.04571136719793017,0.18586921047099336,-0.02912279108676974,0.15006576832911653,53973,53973,5997,24
64,3,networth_ge_100k,0.04646638683917309,0.01880686635616235,0.013484363566925613,0.009604928781094882,0.0833278448972513,156168,156168,17352,24
64,4,networth_ge_1m,0.03322113095099802,0.023118317410942387,0.15071665592115574,-0.01209077117444906,0.0785330330764451,156168,156168,17352,24
65,3,networth_ge_100k,0.02463600553791015,0.01986764013637536,0.21497294102800946,-0.014304569129385561,0.06357658020520586,136530,136530,15170,24
65,4,networth_ge_1m,0.03838683563881978,0.024471980360660586,0.1167403412336456,-0.009578245868074965,0.08635191714571452,136530,136530,15170,24
66,3,networth_ge_100k,0.037171571661863384,0.016107541665078065,0.021015144752031773,0.005600789998310374,0.0687423533254164,199458,199458,22162,24
66,4,networth_ge_1m,0.0016641629151132042,0.019358397379915845,0.9314934893126937,-0.03627829594952185,0.03960662177974826,199458,199458,22162,24
67,3,networth_ge_100k,-0.053362173986041886,0.021106510856794235,0.01146382952553924,-0.09473093526535858,-0.011993412706725187,116217,116217,12913,24
67,4,networth_ge_1m,-0.10416757941514067,0.025345289183623377,3.957645334795414e-05,-0.15384434621504248,-0.05449081261523885,116217,116217,12913,24
68,3,networth_ge_100k,0.0180428944531741,0.02093893544037069,0.3888575207517069,-0.022997419009952454,0.05908320791630065,122859,122859,13651,24
68,4,networth_ge_1m,-0.021499987764354703,0.025546324952551214,0.40000749063165575,-0.07157078467135508,0.028570809142645676,122859,122859,13651,24
69,3,networth_ge_100k,0.03866597886373696,0.019389593144490007,0.046134415309181546,0.0006623763005365463,0.07666958142693737,142596,142596,15844,24
69,4,networth_ge_1m,0.009243216909137791,0.023805122418819845,0.6978037392327897,-0.0374148230317491,0.055901256850024686,142596,142596,15844,24
70,3,networth_ge_100k,0.07513227389265645,0.016372487539274953,4.455140552633012e-06,0.04304219831567754,0.10722234946963535,199080,199080,22120,24
70,4,networth_ge_1m,0.05081320786457827,0.019575741733451946,0.009439206088693738,0.012444754067012453,0.08918166166214408,199080,199080,22120,24
71,3,networth_ge_100k,-0.0013819953443533484,0.01597542199683855,0.9310629183575363,-0.032693822458156906,0.02992983176945021,205029,205029,22781,24
71,4,networth_ge_1m,-0.037560183713740425,0.019154866769701663,0.04989431087001606,-0.07510372258235568,-1.664484512516745e-05,205029,205029,22781,24
72,3,networth_ge_100k,0.0029517597417057506,0.021225362467692365,0.8893967485662352,-0.038649950694971284,0.044553470178382786,123966,123966,13774,24
72,4,networth_ge_1m,-0.010174849889145354,0.025771231396942398,0.6929799634072924,-0.060686463427152455,0.04033676364886175,123966,123966,13774,24
73,3,networth_ge_100k,0.02806688179975922,0.016189197522700607,0.08297494464269625,-0.0036639453447339723,0.05979770894425241,200601,200601,22289,24
73,4,networth_ge_1m,0.00444628922350615,0.019333456197048977,0.8181080758674653,-0.03344728492270985,0.04233986336972215,200601,200601,22289,24
74,3,networth_ge_100k,0.04849569836359538,0.020545290801606792,0.018253816577783417,0.00822692839244607,0.08876446833474469,128169,128169,14241,24
74,4,networth_ge_1m,0.031113896391917265,0.024869126511695414,0.21089605617788965,-0.017629591571005743,0.07985738435484027,128169,128169,14241,24
75,3,networth_ge_100k,-0.004824599054760015,0.015981274765732037,0.7627353459901711,-0.03614789759559481,0.026498699486074778,209277,209277,23253,24
75,4,networth_ge_1m,-0.025897939762314193,0.019220374605816683,0.17784462415858737,-0.06356987398971489,0.011773994465086507,209277,209277,23253,24
76,3,networth_ge_100k,-0.10245877149939622,0.02955556663247237,0.0005269898295156846,-0.16038768209904208,-0.044529860899750376,72027,72027,8003,24
76,4,networth_ge_1m,-0.050154665999257275,0.0387307359564216,0.19533481092829375,-0.1260669084738436,0.025757576475329058,72027,72027,8003,24
77,3,networth_ge_100k,0.0002650557457204439,0.015822376074908343,0.9866344981756646,-0.030746801361099908,0.03127691285254079,208386,208386,23154,24
77,4,networth_ge_1m,-0.046962237753860686,0.01908186807533154,0.013851474316132834,-0.08436269918151051,-0.009561776326210865,208386,208386,23154,24
78,3,networth_ge_100k,-0.03528442648818729,0.019902030026001074,0.07624430058581168,-0.0742924053391494,0.003723552362774815,137079,137079,15231,24
78,4,networth_ge_1m,-0.07411573710344799,0.02437999856153526,0.002365607031257474,-0.12190053428405709,-0.02633093992283888,137079,137079,15231,24
79,3,networth_ge_100k,-0.005222332452094497,0.025199402478252995,0.8358221731762667,-0.054613161309470366,0.04416849640528137,98082,98082,10898,24
79,4,networth_ge_1m,-0.032882388834816534,0.0333527727437624,0.3241838027296331,-0.09825382341259084,0.03248904574295777,98082,98082,10898,24
80,3,networth_ge_100k,0.028239516906971338,0.014579410871255262,0.05275206757463005,-0.0003361284006889731,0.05681516221463165,237852,237852,26428,24
80,4,networth_ge_1m,-0.018970078832955095,0.017210317890106595,0.2703528501138981,-0.05270230189756402,0.014762144231653833,237852,237852,26428,24
81,3,networth_ge_100k,0.10325375401999362,0.034005527249114265,0.002394361995139603,0.036602920611729664,0.1699045874282576,55404,55404,6156,24
81,4,networth_ge_1m,0.22000224706536042,0.04381392172650283,5.132657413374815e-07,0.13412696048141487,0.305877533649306,55404,55404,6156,24
82,3,networth_ge_100k,0.03831238132384934,0.01597094393597839,0.01644529369001694,0.007009331209331698,0.06961543143836699,209394,209394,23266,24
82,4,networth_ge_1m,0.00934365160757053,0.019125852776184553,0.6251708253100048,-0.02814301983375119,0.04683032304889225,209394,209394,23266,24
83,3,networth_ge_100k,0.023314236970425284,0.02235246366554086,0.2969355010499406,-0.020496591814034806,0.06712506575488537,109899,109899,12211,24
83,4,networth_ge_1m,0.049022766815415654,0.026991231004462705,0.06933235227062351,-0.003880045953331246,0.10192557958416255,109899,109899,12211,24
84,3,networth_ge_100k,0.007996229665119217,0.01730866763589421,0.6440968482266085,-0.02592875890123343,0.041921218231471866,171918,171918,19102,24
84,4,networth_ge_1m,-0.0312623244960373,0.02050959139038628,0.12743921285927284,-0.07146112362119442,0.008936474629119805,171918,171918,19102,24
85,3,networth_ge_100k,0.02617376004937813,0.0156831051044935,0.09513434405111043,-0.004565125955429128,0.05691264605418539,213012,213012,23668,24
85,4,networth_ge_1m,-0.02526317526940422,0.018938809308040153,0.18222455972545737,-0.06238324151316292,0.011856890974354481,213012,213012,23668,24
86,3,networth_ge_100k,0.059702140293404156,0.021480886691909142,0.005447375287274756,0.01759960237726224,0.10180467820954607,121590,121590,13510,24
86,4,networth_ge_1m,0.08067419136347068,0.025882489900015612,0.0018273820177553686,0.02994451115944008,0.13140387156750127,121590,121590,13510,24
87,3,networth_ge_100k,-0.03096917024928454,0.016377682665434202,0.058632720964130386,-0.06306942827353558,0.0011310877749664966,193725,193725,21525,24
87,4,networth_ge_1m,-0.07485372562046462,0.019438601893443787,0.00011774356185230778,-0.11295338533161445,-0.0367540659093148,193725,193725,21525,24
88,3,networth_ge_100k,-0.0958626562941686,0.029190678399670242,0.0010233909503808763,-0.15307638595752227,-0.03864892663081492,73602,73602,8178,24
88,4,networth_ge_1m,-0.07382113925445852,0.03891914429938565,0.0578566925610762,-0.1501026620812544,0.0024603835723373546,73602,73602,8178,24
89,3,networth_ge_100k,0.020559075175365135,0.020467818968762944,0.3151576545878222,-0.019557850003410232,0.0606760003541405,130302,130302,14478,24
89,4,networth_ge_1m,0.026511279602815296,0.02479741137997696,0.2850179418034189,-0.022091646701939548,0.07511420590757015,130302,130302,14478,24
90,3,networth_ge_100k,0.03756298026966837,0.019845302803586495,0.058385871834000014,-0.0013338132253611634,0.0764597737646979,136611,136611,15179,24
90,4,networth_ge_1m,0.01959120848444304,0.024326397664311796,0.4206190612602976,-0.028088530937608082,0.06727094790649416,136611,136611,15179,24
91,3,networth_ge_100k,0.1365576745428181,0.03671111874393903,0.00019938801541962946,0.06460388180469762,0.2085114672809386,47925,47925,5325,24
91,4,networth_ge_1m,0.21606530693146275,0.048174054124363604,7.288076255547654e-06,0.1216441608477101,0.3104864530152154,47925,47925,5325,24
92,3,networth_ge_100k,0.02826599459839843,0.0171358972868237,0.09904127702248443,-0.005320364083776022,0.06185235328057288,177876,177876,19764,24
92,4,networth_ge_1m,0.0016936116810623014,0.020440554978033435,0.9339664662578551,-0.03836987607588323,0.04175709943800783,177876,177876,19764,24
93,3,networth_ge_100k,-0.08427203470162711,0.02775029321538383,0.002391056377534869,-0.13866260940377942,-0.029881459999474808,78282,78282,8698,24
93,4,networth_ge_1m,-0.13928646192158597,0.036030824198798515,0.00011074451856644625,-0.20990687735123106,-0.06866604649194089,78282,78282,8698,24
94,3,networth_ge_100k,0.03126107735443395,0.012441737617782873,0.011984602356661794,0.006875271623579524,0.05564688308528838,330885,330885,36765,24
94,4,networth_ge_1m,-0.014133236744197003,0.01469526838415017,0.3361730669364399,-0.04293596277713133,0.014669489288737327,330885,330885,36765,24
95,3,networth_ge_100k,0.09115810809379313,0.029947966669464806,0.0023354591189676073,0.032460093421642106,0.14985612276594415,70794,70794,7866,24
95,4,networth_ge_1m,0.14464402790290448,0.03796831697863245,0.00013919287513421721,0.07022612662478489,0.21906192918102407,70794,70794,7866,24
96,3,networth_ge_100k,-0.08036963590801305,0.027622019247639656,0.0036186608055237515,-0.13450879363338678,-0.026230478182639322,78300,78300,8700,24
96,4,networth_ge_1m,-0.07244930461668664,0.0348504057965363,0.03762971886842775,-0.1407560999778978,-0.0041425092554754905,78300,78300,8700,24
97,3,networth_ge_100k,-0.06509676163531103,0.03200900895725452,0.04198172572241834,-0.12783441919152988,-0.002359104079092178,58131,58131,6459,24
97,4,networth_ge_1m,0.04099087822813954,0.04187775965434894,0.32766786938971026,-0.04108953069438437,0.12307128715066346,58131,58131,6459,24
98,3,networth_ge_100k,-0.0071283613456595285,0.020728778530541465,0.7309311279219897,-0.0477567672655208,0.03350004457420174,128601,128601,14289,24
98,4,networth_ge_1m,-0.03525916161441965,0.025333085581304707,0.16397611762891684,-0.08491200935377688,0.014393686124937577,128601,128601,14289,24
99,3,networth_ge_100k,0.004888810786932929,0.020946032210991006,0.8154505585519369,-0.036165412346609443,0.0459430339204753,129897,129897,14433,24
99,4,networth_ge_1m,0.007534170426469089,0.025357836939892915,0.7663794142067724,-0.042167189975721026,0.057235530828659203,129897,129897,14433,24
100,3,networth_ge_100k,-0.007739041719258932,0.02935632562208539,0.7920694077081653,-0.06527743993854629,0.04979935650002843,76410,76410,8490,24
100,4,networth_ge_1m,0.04788044022206853,0.037677696403803466,0.20380336336871874,-0.025967844729386264,0.12172872517352332,76410,76410,8490,24
101,3,networth_ge_100k,0.009727249166129465,0.03543970293984753,0.7837209856746703,-0.05973456859597169,0.07918906692823062,55035,55035,6115,24
101,4,networth_ge_1m,0.1800675710707318,0.04610849075759145,9.41078703882737e-05,0.08969492918585255,0.27044021295561105,55035,55035,6115,24
102,3,networth_ge_100k,-0.017022334878338485,0.031602042610375324,0.5901306813842507,-0.07896233839467412,0.04491766863799715,63810,63810,7090,24
102,4,networth_ge_1m,0.058921878233515315,0.04260205718698541,0.16664159695272107,-0.024578153852976084,0.14242191032000673,63810,63810,7090,24
103,3,networth_ge_100k,0.029571005446577592,0.019432250345077104,0.12807201162453558,-0.008516205229773532,0.06765821612292872,153720,153720,17080,24
103,4,networth_ge_1m,0.0255931167082184,0.023802946386634223,0.28228164593744787,-0.02106065820958468,0.07224689162602148,153720,153720,17080,24
104,3,networth_ge_100k,-0.06492145786183262,0.031215717220790872,0.03754679376464213,-0.1261042636145827,-0.003738652109082516,65520,65520,7280,24
104,4,networth_ge_1m,-0.029289018108804493,0.040478797772281284,0.4693331873361284,-0.10862746174247581,0.050049425524866825,65520,65520,7280,24
105,3,networth_ge_100k,-0.0445487898543985,0.020472560507934733,0.029553441009556796,-0.08467500844995057,-0.004422571258846424,127971,127971,14219,24
105,4,networth_ge_1m,-0.06331181406399491,0.024973080940904148,0.011238238125464468,-0.11225905270816705,-0.014364575419822785,127971,127971,14219,24
106,3,networth_ge_100k,0.008164225123530086,0.016259954762524023,0.6155927748217225,-0.023705286211017,0.040033736458077174,197856,197856,21984,24
106,4,networth_ge_1m,0.0012862591315500327,0.01955893471507892,0.9475663143833514,-0.037049252910004646,0.03962177117310471,197856,197856,21984,24
107,3,networth_ge_100k,0.03327885056019263,0.01694497264600089,0.04953745436882041,6.670417403088075e-05,0.06649099694635438,180018,180018,20002,24
107,4,networth_ge_1m,0.0017164446512365483,0.020126476893915852,0.9320364725935616,-0.03773145006083852,0.04116433936331162,180018,180018,20002,24
108,3,networth_ge_100k,-0.0424184129652364,0.016673768217602504,0.010958456253197675,-0.0750989986717373,-0.009737827258735496,188568,188568,20952,24
108,4,networth_ge_1m,-0.07938857722654483,0.019882638917890754,6.528134202840075e-05,-0.1183585495056107,-0.040418604947478946,188568,188568,20952,24
109,3,networth_ge_100k,0.024445402633809787,0.027071575856054537,0.3665304112007368,-0.028614886044057104,0.07750569131167667,90054,90054,10006,24
109,4,networth_ge_1m,0.0312779552535799,0.03451530209153343,0.36482711292691594,-0.036372036845825614,0.09892794735298542,90054,90054,10006,24
110,3,networth_ge_100k,0.044253737189551695,0.016297331005812217,0.006619619888100741,0.012310968418159748,0.07619650596094364,197775,197775,21975,24
110,4,networth_ge_1m,0.009844816263286815,0.019548918529714788,0.6145431795995095,-0.02847106405495417,0.0481606965815278,197775,197775,21975,24
111,3,networth_ge_100k,0.0693163699330865,0.021208744533465336,0.0010819867661381274,0.027747230647494445,0.11088550921867855,122328,122328,13592,24
111,4,networth_ge_1m,0.0708814387731466,0.025786726699613804,0.00598217651886928,0.02033945444190354,0.12142342310438964,122328,122328,13592,24
112,3,networth_ge_100k,0.04363772598975668,0.021369301771245717,0.04114405019715467,0.0017538945181150775,0.08552155746139828,120168,120168,13352,24
112,4,networth_ge_1m,0.05313122232222621,0.025959263013432148,0.04068604031310363,0.0022510668158991984,0.10401137782855321,120168,120168,13352,24
113,3,networth_ge_100k,0.008394675079041042,0.020009714668054093,0.674828853315947,-0.03082436567034498,0.047613715828427064,136098,136098,15122,24
113,4,networth_ge_1m,-0.0021984905373215735,0.0245132950437143,0.928537028128174,-0.050244548823001604,0.04584756774835846,136098,136098,15122,24
114,3,networth_ge_100k,0.09522770108608863,0.03110524127642178,0.002202545269062044,0.034261428184301945,0.15619397398787532,66618,66618,7402,24
114,4,networth_ge_1m,0.19365635726193403,0.03967767949679723,1.0568958871988427e-06,0.11588810544821146,0.2714246090756566,66618,66618,7402,24
115,3,networth_ge_100k,0.038596501083219215,0.020854290230335765,0.06420260485453176,-0.002277907768238885,0.07947090993467731,128502,128502,14278,24
115,4,networth_ge_1m,0.04755569823264662,0.02535198776339465,0.060680366204494386,-0.002134197783606892,0.09724559424890013,128502,128502,14278,24
116,3,networth_ge_100k,-0.023856139083507408,0.021890570153378405,0.27580536538636335,-0.06676165658412908,0.019049378417114265,113436,113436,12604,24
116,4,networth_ge_1m,-0.0310836612599919,0.026539957293461206,0.24151743716269658,-0.08310197755517587,0.02093465503519206,113436,113436,12604,24
117,3,networth_ge_100k,-0.008821440338919476,0.03181273366777052,0.7815553276102694,-0.07117439832774969,0.053531517649910744,60444,60444,6716,24
117,4,networth_ge_1m,-0.025967556526410335,0.04021577359461218,0.518469931613038,-0.1047904727718502,0.052855359719029535,60444,60444,6716,24
118,3,networth_ge_100k,-0.012534255982331627,0.02068289440648097,0.5445012055196368,-0.05307272901903433,0.028004217054371075,127476,127476,14164,24
118,4,networth_ge_1m,-0.031845699168509156,0.02498237165759058,0.20240595063325995,-0.0808111476173867,0.017119749280368378,127476,127476,14164,24
119,3,networth_ge_100k,0.03389198825473755,0.032231933030845525,0.2930274332243542,-0.02928260048571968,0.09706657699519478,63081,63081,7009,24
119,4,networth_ge_1m,0.1420979470571847,0.040801851129279684,0.0004965051627905874,0.06212631884379652,0.2220695752705729,63081,63081,7009,24
120,3,networth_ge_100k,-0.029420551873456074,0.031429500557558804,0.34923159021942696,-0.09102237296627133,0.03218126921935918,60246,60246,6694,24
120,4,networth_ge_1m,0.04020081528615435,0.0397447660041413,0.3117894043786117,-0.0376989260819626,0.1181005566542713,60246,60246,6694,24
121,3,networth_ge_100k,0.014638213179374707,0.020366906998075883,0.47231013602664307,-0.025280924536854023,0.054557350895603436,136854,136854,15206,24
121,4,networth_ge_1m,-0.0068950865388011096,0.0246005814032827,0.7792615841540952,-0.055112226089235196,0.04132205301163298,136854,136854,15206,24
122,3,networth_ge_100k,0.01611320024194554,0.012546498076818832,0.1990444567925198,-0.00847793598861937,0.040704336472510455,321093,321093,35677,24
122,4,networth_ge_1m,-0.03583519528118989,0.01485993458861611,0.01588569440137457,-0.06496066707487747,-0.006709723487502314,321093,321093,35677,24
123,3,networth_ge_100k,-0.00030611016551986003,0.020730314158373585,0.9882186204444148,-0.04093752591593208,0.04032530558489236,127971,127971,14219,24
123,4,networth_ge_1m,-0.03014108710290267,0.025017564051321266,0.22828166319184695,-0.07917551264349235,0.018893338437687007,127971,127971,14219,24
124,3,networth_ge_100k,-0.019713733148832915,0.013787231765730604,0.15275882975587574,-0.0467367074096649,0.007309241111999067,271665,271665,30185,24
124,4,networth_ge_1m,-0.07545599062442576,0.01646424543043667,4.583049187887311e-06,-0.10772591166808164,-0.043186069580769884,271665,271665,30185,24
125,3,networth_ge_100k,0.05531916723690261,0.017318660666796208,0.0014022170523459666,0.021374592329982046,0.08926374214382318,172899,172899,19211,24
125,4,networth_ge_1m,0.026102446148557806,0.02049694838802619,0.20284789812458803,-0.014071572691973525,0.06627646498908914,172899,172899,19211,24
126,3,networth_ge_100k,0.040352895201042197,0.03351522429315995,0.22858306107987258,-0.025336944413551304,0.1060427348156357,56655,56655,6295,24
126,4,networth_ge_1m,0.09342951899714155,0.04156548746790598,0.024591069695504713,0.011961163560045826,0.17489787443423727,56655,56655,6295,24
127,3,networth_ge_100k,-0.01196401517150264,0.019987427375250475,0.5494549688187786,-0.05113937282699357,0.027211342483988293,136143,136143,15127,24
127,4,networth_ge_1m,-0.031475496571210834,0.024207315548387672,0.1935162254582159,-0.07892183504605067,0.015970841903629004,136143,136143,15127,24
128,3,networth_ge_100k,0.035651050486297686,0.01625141368274017,0.028255548378349638,0.003798279668126958,0.06750382130446841,199431,199431,22159,24
128,4,networth_ge_1m,0.0033957357306202696,0.019516952105086274,0.8618740768742922,-0.03485749039534883,0.04164896185658937,199431,199431,22159,24
129,3,networth_ge_100k,0.02017080263141799,0.016399130319920924,0.218700020003321,-0.011971492795627023,0.052313098058463,191916,191916,21324,24
129,4,networth_ge_1m,-0.026502260116479215,0.019564364474982623,0.17553897229665738,-0.06484841448744516,0.011843894254486724,191916,191916,21324,24
130,3,networth_ge_100k,-0.02379377164241716,0.033186228129360854,0.4733881145159228,-0.08883877877596444,0.04125123549113011,58752,58752,6528,24
130,4,networth_ge_1m,-0.0012171958658540594,0.042094697311545984,0.97693185766442,-0.08372280259648418,0.08128841086477606,58752,58752,6528,24
131,3,networth_ge_100k,-0.02554529583358872,0.02985645634762809,0.3922169983273597,-0.08406395027493978,0.032973358607762335,70956,70956,7884,24
131,4,networth_ge_1m,-0.013409513353993319,0.0388384230276396,0.7298958296310225,-0.08953282248816694,0.0627137957801803,70956,70956,7884,24
132,3,networth_ge_100k,-0.012927656129297804,0.020685638075695078,0.5319985881650034,-0.05347150675766016,0.02761619449906455,123921,123921,13769,24
132,4,networth_ge_1m,-0.04532281339891352,0.025172878194885995,0.07178770119299926,-0.09466165466089008,0.004016027863063036,123921,123921,13769,24
133,3,networth_ge_100k,0.01542818180694186,0.015172923576196594,0.309237508843238,-0.014310748402403463,0.04516711201628718,227952,227952,25328,24
133,4,networth_ge_1m,-0.02164477310434984,0.01853761491541996,0.2429626223010164,-0.05797849833857296,0.014688952129873277,227952,227952,25328,24
134,3,networth_ge_100k,-0.00972398200055799,0.019355847572453518,0.6154005610192956,-0.04766144324256688,0.0282134792414509,145125,145125,16125,24
134,4,networth_ge_1m,-0.02915004421512138,0.023671890068319573,0.21816573610736267,-0.07554694874902773,0.01724686031878498,145125,145125,16125,24
135,3,networth_ge_100k,0.04269944940948735,0.020758366555808535,0.03968859195735518,0.002013050960102618,0.08338584785887207,127872,127872,14208,24
135,4,networth_ge_1m,0.026164778528599025,0.025108932368312215,0.29738821097684653,-0.02304872891329291,0.07537828597049095,127872,127872,14208,24
136,3,networth_ge_100k,-0.02134224684344456,0.021705401820586886,0.32547510611521524,-0.06388483441179485,0.021200340724905738,112968,112968,12552,24
136,4,networth_ge_1m,-0.0027603844817799678,0.026201913802716498,0.9160976998980437,-0.054116135535104304,0.04859536657154437,112968,112968,12552,24
137,3,networth_ge_100k,0.051830042239098345,0.02113194337288691,0.014179366826015454,0.010411433228240001,0.09324865124995668,122328,122328,13592,24
137,4,networth_ge_1m,0.0229403025499669,0.02577175967235104,0.3733942920371617,-0.02757234640784114,0.07345295150777495,122328,122328,13592,24
138,3,networth_ge_100k,0.021242971626780377,0.013698675470885987,0.12096597119159437,-0.005606432296156157,0.04809237554971691,276534,276534,30726,24
138,4,networth_ge_1m,-0.020589410070271263,0.01638063454208034,0.20877679341538902,-0.05269545377274873,0.011516633632206202,276534,276534,30726,24
139,3,networth_ge_100k,0.00023133001733185998,0.02069218357200957,0.9910801678361577,-0.0403253497838069,0.04078800981847062,128367,128367,14263,24
139,4,networth_ge_1m,-0.028978596349392635,0.025394735119682613,0.25381743009986635,-0.07875227718397056,0.020795084485185286,128367,128367,14263,24
140,3,networth_ge_100k,0.07136629958072538,0.029100437977516772,0.01419015918972217,0.014329441144792503,0.12840315801665825,73134,73134,8126,24
140,4,networth_ge_1m,0.09225768729239625,0.03826341563487248,0.015903614194136325,0.017261392648046187,0.16725398193674632,73134,73134,8126,24
141,3,networth_ge_100k,0.028830277635035623,0.0198191967442736,0.14576222499462776,-0.010015347983740631,0.06767590325381187,141165,141165,15685,24
141,4,networth_ge_1m,0.004814961592041811,0.023966291027939814,0.8407724047065985,-0.04215896882272022,0.051788892006803845,141165,141165,15685,24
142,3,networth_ge_100k,0.08908286730277853,0.030882353509570935,0.003919261659432634,0.0285534544240195,0.14961228018153758,67707,67707,7523,24
142,4,networth_ge_1m,0.205920284366917,0.03950004831069904,1.856452508218069e-07,0.1285001896779469,0.2833403790558871,67707,67707,7523,24
143,3,networth_ge_100k,-0.04061910461199979,0.02060387148312676,0.04867463334508194,-0.08100269271892824,-0.00023551650507133703,125352,125352,13928,24
143,4,networth_ge_1m,-0.09455697571609449,0.024998099694183575,0.00015521957487479374,-0.14355325111669429,-0.04556070031549469,125352,125352,13928,24
144,3,networth_ge_100k,0.02733596850262203,0.014491564552727175,0.059249611146317244,-0.0010674980207232322,0.05573943502596729,242586,242586,26954,24
144,4,networth_ge_1m,-0.002250517765669674,0.017145411086437544,0.8955691209130181,-0.035855523495087256,0.03135448796374791,242586,242586,26954,24
145,3,networth_ge_100k,0.1330064509416853,0.03251316531023851,4.297968445125811e-05,0.06928064693361782,0.1967322549497528,66294,66294,7366,24
145,4,networth_ge_1m,0.14625754921178075,0.04201670890766896,0.000499661556333187,0.06390479975274958,0.2286102986708119,66294,66294,7366,24
146,3,networth_ge_100k,0.024937661853171575,0.013963547014051596,0.07411355781772574,-0.0024308902943695546,0.052306214000712704,263808,263808,29312,24
146,4,networth_ge_1m,0.0007899040888816877,0.016621106454110256,0.9620954768038672,-0.031787464561174414,0.03336727273893779,263808,263808,29312,24
147,3,networth_ge_100k,0.0017107033353158801,0.021380533223955653,0.936227559026522,-0.0401951417836372,0.04361654845426896,118530,118530,13170,24
147,4,networth_ge_1m,-0.014492300148581903,0.025768401790866955,0.5738395279637275,-0.06499836765868114,0.036013767361517325,118530,118530,13170,24
148,3,networth_ge_100k,0.10157247918765383,0.028127127093652553,0.0003047919520059109,0.04644331008409483,0.15670164829121283,81567,81567,9063,24
148,4,networth_ge_1m,0.10351012000430265,0.03651571464855927,0.004587257542316756,0.031939319293126475,0.17508092071547882,81567,81567,9063,24
149,3,networth_ge_100k,0.12648532629968232,0.03563002818171519,0.0003852834674458866,0.056650471063520544,0.19632018153584407,55305,55305,6145,24
149,4,networth_ge_1m,0.3583904727900046,0.0463630271538374,1.0746875173859782e-14,0.26751893956848327,0.4492620060115259,55305,55305,6145,24
150,3,networth_ge_100k,-0.10340689364554873,0.031284088928495074,0.0009483589880511648,-0.16472370794539906,-0.04209007934569838,63702,63702,7078,24
150,4,networth_ge_1m,-0.1159755116807449,0.04003462586636426,0.0037689374782805232,-0.19444337837881887,-0.03750764498267094,63702,63702,7078,24
151,3,networth_ge_100k,-0.015211737854263677,0.020794181848240022,0.46445049533912897,-0.05596833427681412,0.02554485856828677,125064,125064,13896,24
151,4,networth_ge_1m,0.010479684386411087,0.025283867870242404,0.6785218341465499,-0.039076696639264025,0.0600360654120862,125064,125064,13896,24
152,3,networth_ge_100k,0.03460980237318603,0.015614772935322868,0.02665877556157161,0.00400484741995321,0.06521475732641885,221373,221373,24597,24
152,4,networth_ge_1m,-0.009980272372941995,0.018814369576381614,0.5957929658339638,-0.04685643674264996,0.026895891996765967,221373,221373,24597,24
153,3,networth_ge_100k,0.029893057658154545,0.012756742032416621,0.019113267770046072,0.004889843274617969,0.05489627204169112,307197,307197,34133,24
153,4,networth_ge_1m,-0.02944280370123792,0.015036471126984644,0.05021914123760401,-0.05891428711012782,2.8679707651982356e-05,307197,307197,34133,24
154,3,networth_ge_100k,0.022493764498382474,0.0198881634683993,0.2580497665055388,-0.016487035899680154,0.0614745648964451,135432,135432,15048,24
154,4,networth_ge_1m,-0.01416159900580885,0.024313505394237656,0.5602581329841216,-0.061816069578514654,0.03349287156689695,135432,135432,15048,24
155,3,networth_ge_100k,0.03924750121328868,0.030654413916608884,0.20043213507962532,-0.02083515006326473,0.09933015248984209,67284,67284,7476,24
155,4,networth_ge_1m,0.17518524352678386,0.039213810083981324,7.916214895183884e-06,0.09832617576218046,0.25204431129138727,67284,67284,7476,24
156,3,networth_ge_100k,-0.0027197644739456045,0.016721681593232385,0.8707948190883454,-0.03549426039668108,0.030054731448789868,187704,187704,20856,24
156,4,networth_ge_1m,-0.0478137569964973,0.019962347561123982,0.01661143297614181,-0.0869399582163003,-0.008687555776694299,187704,187704,20856,24
157,3,networth_ge_100k,0.009777250133287452,0.02088614278863156,0.6396977856971156,-0.031159589732430402,0.050714089999005306,124038,124038,13782,24
157,4,networth_ge_1m,0.0007133535074388964,0.025435389578231975,0.977625695805301,-0.04914001006589577,0.050566717080773566,124038,124038,13782,24
158,3,networth_ge_100k,-0.02076667154143841,0.019090828470461528,0.27669108088631467,-0.058184695343543,0.016651352260666184,147069,147069,16341,24
158,4,networth_ge_1m,-0.0814125378249895,0.023480864468071853,0.0005259367147388278,-0.12743503218241034,-0.03539004346756867,147069,147069,16341,24
159,3,networth_ge_100k,0.031411075337794275,0.01711829352055531,0.06651428725952509,-0.0021407799624941354,0.06496293063808269,178092,178092,19788,24
159,4,networth_ge_1m,0.014758358065032742,0.020381940111750665,0.46901051207607947,-0.025190244553998563,0.05470696068406405,178092,178092,19788,24
160,3,networth_ge_100k,-0.037248074723048114,0.03165404955339745,0.23930574949732575,-0.09929001184770711,0.024793862401610883,63567,63567,7063,24
160,4,networth_ge_1m,0.012984186517037116,0.041528364686289725,0.7545403053928725,-0.06841140826809074,0.09437978130216497,63567,63567,7063,24
161,3,networth_ge_100k,0.02857297042359208,0.016674452194501227,0.08660630114578122,-0.00410895587763032,0.06125489672481448,184356,184356,20484,24
161,4,networth_ge_1m,-0.005371994447843309,0.019887849793772634,0.7870722505866631,-0.04435218004363767,0.03360819114795105,184356,184356,20484,24
162,3,networth_ge_100k,-0.056528290356326207,0.02008402750147641,0.004883959529119667,-0.09589298425921997,-0.01716359645343244,132354,132354,14706,24
162,4,networth_ge_1m,-0.07719135430679325,0.024185690352641665,0.0014148094803288626,-0.12459530739797091,-0.029787401215615586,132354,132354,14706,24
163,3,networth_ge_100k,0.039870554367813366,0.03233827341020033,0.21760503229155792,-0.023512461516179292,0.10325357025180602,63090,63090,7010,24
163,4,networth_ge_1m,0.1774520108321763,0.04120105781217253,1.655007664282346e-05,0.09669793752031813,0.25820608414403445,63090,63090,7010,24
164,3,networth_ge_100k,-0.013394531431172765,0.021344944290381525,0.5303137642870417,-0.055230622240320555,0.028441559377975024,119529,119529,13281,24
164,4,networth_ge_1m,-0.04086387198955979,0.025906665089335774,0.11471506841291071,-0.09164093556465791,0.009913191585538321,119529,119529,13281,24
165,3,networth_ge_100k,0.037898562771271516,0.028540843218915497,0.18422067159865796,-0.018041489937802857,0.09383861548034589,76176,76176,8464,24
165,4,networth_ge_1m,0.14170845723227396,0.037502737914388906,0.00015770219021979257,0.06820309092007171,0.2152138235444762,76176,76176,8464,24
166,3,networth_ge_100k,0.12250078206537546,0.028577939216849077,1.8146889459378003e-05,0.06648802120035127,0.17851354293039964,81729,81729,9081,24
166,4,networth_ge_1m,0.1528259740341964,0.03651059167852063,2.8416555566130332e-05,0.08126521434429597,0.22438673372409684,81729,81729,9081,24
167,3,networth_ge_100k,-0.026606934070403127,0.019352472510141567,0.16917495301737595,-0.0645377801902806,0.011323912049474347,142713,142713,15857,24
167,4,networth_ge_1m,-0.060587585984034464,0.023483711854339912,0.009880507394126653,-0.10661566121854069,-0.014559510749528236,142713,142713,15857,24
168,3,networth_ge_100k,-0.053355234114083216,0.027897729009304782,0.05580829233562873,-0.10803478297232058,0.001324314744154155,81180,81180,9020,24
168,4,networth_ge_1m,-0.02607100480186722,0.0365498454788884,0.4756601371230399,-0.09770870194048847,0.04556669233675403,81180,81180,9020,24
169,3,networth_ge_100k,0.025863900376974044,0.014474565674445928,0.07396148202694822,-0.002506248344939975,0.054234049098888064,244881,244881,27209,24
169,4,networth_ge_1m,-0.016693974931251507,0.017123740045574445,0.3296086852577723,-0.05025650542057742,0.016868555558074406,244881,244881,27209,24
170,3,networth_ge_100k,-0.007519192254307916,0.0195110573879836,0.6999551024170528,-0.04576086473475577,0.030722480226139937,142569,142569,15841,24
170,4,networth_ge_1m,-0.03827676345804493,0.023739912652441506,0.1068884069293867,-0.08480699225683028,0.008253465340740423,142569,142569,15841,24
171,3,networth_ge_100k,0.07629270773520518,0.021392332809150476,0.00036197741794244414,0.034363735429270244,0.11822168004114011,119754,119754,13306,24
171,4,networth_ge_1m,0.0805472582387543,0.02562273186376431,0.0016689143316129722,0.03032670378577626,0.13076781269173235,119754,119754,13306,24
172,3,networth_ge_100k,-0.004883853936057336,0.027259844937803507,0.8578126435712379,-0.05831315001415221,0.048545442142037536,84168,84168,9352,24
172,4,networth_ge_1m,-0.03081266475142469,0.035846414631183904,0.39002362396066725,-0.10107163742854514,0.039446307925695756,84168,84168,9352,24
173,3,networth_ge_100k,0.02202992359165401,0.020624724947860995,0.28546108488712085,-0.018394537306153542,0.06245438448946156,127719,127719,14191,24
173,4,networth_ge_1m,-0.003583372541232338,0.025438729880841556,0.8879782737834041,-0.05344328310768179,0.04627653802521711,127719,127719,14191,24
174,3,networth_ge_100k,-0.05083324266470392,0.019694144552237617,0.009847610963189406,-0.08943376598708964,-0.01223271934231819,137079,137079,15231,24
174,4,networth_ge_1m,-0.10290605748121755,0.024046163864850933,1.8729616740986104e-05,-0.15003653865632538,-0.05577557630610972,137079,137079,15231,24
175,3,networth_ge_100k,0.07833798418367485,0.025327124450485763,0.001981128123260636,0.02869682026072276,0.12797914810662694,99675,99675,11075,24
175,4,networth_ge_1m,0.10687542294041644,0.03268228263106804,0.0010749678997648059,0.04281814898352308,0.17093269689730978,99675,99675,11075,24
176,3,networth_ge_100k,-0.003519837519581636,0.03321832513862546,0.9156135206664285,-0.06862775479128753,0.061588079752124256,58554,58554,6506,24
176,4,networth_ge_1m,0.11321451964329994,0.041809383988321236,0.006771584374400859,0.03126812702619032,0.19516091226040955,58554,58554,6506,24
177,3,networth_ge_100k,0.07807490294314132,0.022245603489020365,0.0004486498195422601,0.034473520104661405,0.12167628578162124,109260,109260,12140,24
177,4,networth_ge_1m,0.08505261085290189,0.026541262786893373,0.001352772062664105,0.03303173579059088,0.1370734859152129,109260,109260,12140,24
178,3,networth_ge_100k,0.01881849288617829,0.020843011168237557,0.3665958265552388,-0.02203380900356732,0.0596707947759239,124299,124299,13811,24
178,4,networth_ge_1m,-0.010490620472139708,0.02522714867965066,0.6775223594249158,-0.059935831884255004,0.03895459093997559,124299,124299,13811,24
179,3,networth_ge_100k,-0.18675239082131725,0.03521599178875766,1.1387971520842643e-07,-0.25577573472728227,-0.11772904691535224,51147,51147,5683,24
179,4,networth_ge_1m,-0.16549903224442075,0.045200036033747025,0.00025076234663701805,-0.2540911028705649,-0.07690696161827658,51147,51147,5683,24
180,3,networth_ge_100k,-0.007176666337488813,0.016121033484402657,0.6561939528447092,-0.03877389196691802,0.024420559291940397,199179,199179,22131,24
180,4,networth_ge_1m,-0.04598673405996151,0.019427981882019312,0.0179311846991429,-0.08406557854871936,-0.007907889571203655,199179,199179,22131,24
181,3,networth_ge_100k,0.04482497596702516,0.021184500474284808,0.03435053712356537,0.0033033550374269374,0.08634659689662338,122859,122859,13651,24
181,4,networth_ge_1m,0.04368805634362184,0.025450973786697497,0.08606007924644977,-0.006195852278305249,0.09357196496554893,122859,122859,13651,24
182,3,networth_ge_100k,0.0018106599294555187,0.016972487031620926,0.9150412131015375,-0.031455414652521496,0.035076734511432534,179307,179307,19923,24
182,4,networth_ge_1m,-0.031676727052822595,0.020199382302700505,0.11683382078682285,-0.07126751636611559,0.007914062260470395,179307,179307,19923,24
183,3,networth_ge_100k,0.01923521451430288,0.018923747916755652,0.30941084629286886,-0.0178553314025382,0.056325760431143956,156951,156951,17439,24
183,4,networth_ge_1m,-0.016572837415778863,0.02301387543601007,0.4714488289120311,-0.0616800332703586,0.028534358438800873,156951,156951,17439,24
184,3,networth_ge_100k,0.16290325953065382,0.030366795474903775,8.116509431787313e-08,0.10338434039984243,0.22242217866146521,71343,71343,7927,24
184,4,networth_ge_1m,0.16989348280603866,0.03989325661254929,2.0561756873821198e-05,0.09170269984544206,0.24808426576663528,71343,71343,7927,24
185,3,networth_ge_100k,0.0393559415814162,0.022209907019121792,0.07639465929236863,-0.004175476176062516,0.0828873593388949,111366,111366,12374,24
185,4,networth_ge_1m,0.03858073184802699,0.02672417555864931,0.14883349510658095,-0.013798652246925655,0.09096011594297963,111366,111366,12374,24
186,3,networth_ge_100k,-0.1147761313823217,0.019951269179358633,8.776507240671673e-09,-0.15388061897386462,-0.07567164379077879,135810,135810,15090,24
186,4,networth_ge_1m,-0.1582287510621218,0.024139164491884413,5.56955349997281e-11,-0.20554151346621524,-0.11091598865802836,135810,135810,15090,24
187,3,networth_ge_100k,-0.09285837695363093,0.020957803272296415,9.391442619557714e-06,-0.1339356713673319,-0.05178108253992996,124821,124821,13869,24
187,4,networth_ge_1m,-0.10705956344175767,0.02539014678010458,2.480362578535085e-05,-0.15682425113076265,-0.05729487575275269,124821,124821,13869,24
188,3,networth_ge_100k,0.016640905865866834,0.016441944392657896,0.31148983688853316,-0.015585305143742643,0.04886711687547631,194508,194508,21612,24
188,4,networth_ge_1m,-0.00048108418995065905,0.01975115403787196,0.9805676318753841,-0.0391933461041797,0.03823117772427838,194508,194508,21612,24
189,3,networth_ge_100k,0.017053680187155473,0.021076520767545126,0.4184394203724925,-0.024256300517232973,0.05836366089154392,126531,126531,14059,24
189,4,networth_ge_1m,0.02236118046610215,0.02574174243456595,0.3850255067831778,-0.02809263470564711,0.0728149956378514,126531,126531,14059,24
190,3,networth_ge_100k,-0.010289471865649422,0.02202771435742259,0.6404177304190601,-0.05346379200619769,0.03288484827489885,114210,114210,12690,24
190,4,networth_ge_1m,-0.0026707068079822385,0.026719082128336145,0.9203800229138439,-0.055040107779521084,0.04969869416355661,114210,114210,12690,24
191,3,networth_ge_100k,0.08703463297117386,0.04056194308944832,0.03189520558417178,0.007533224515855155,0.1665360414264926,41643,41643,4627,24
191,4,networth_ge_1m,0.23961094174918862,0.05088494960199923,2.4908596651928896e-06,0.13987644052927012,0.3393454429691071,41643,41643,4627,24
192,3,networth_ge_100k,-0.1261315088358323,0.028220011399774585,7.837450663450568e-06,-0.18144273117939047,-0.07082028649227412,74079,74079,8231,24
192,4,networth_ge_1m,-0.12138882309699749,0.036181284323181746,0.0007936011446250177,-0.1923041403704337,-0.05047350582356126,74079,74079,8231,24
193,3,networth_ge_100k,0.02564789423981606,0.016103378793272158,0.11122691053347174,-0.0059147281949973665,0.05721051667462949,205434,205434,22826,24
193,4,networth_ge_1m,-0.01917735275293167,0.019399501017867103,0.3228839647396675,-0.05720037474795119,0.018845669242087852,205434,205434,22826,24
194,3,networth_ge_100k,0.005489280226514931,0.01997695385446387,0.7834847704627886,-0.033665549328234255,0.04464410978126412,136026,136026,15114,24
194,4,networth_ge_1m,-0.01186648610481858,0.02455455999980227,0.6289039257050462,-0.059993423704431025,0.036260451494793865,136026,136026,15114,24
195,3,networth_ge_100k,-0.03366608382881936,0.020388506862288568,0.0986919234427286,-0.07362755727890495,0.006295389621266231,130095,130095,14455,24
195,4,networth_ge_1m,-0.043916500456039925,0.02480034036501747,0.07659357867225881,-0.09252516757147417,0.0046921666593943215,130095,130095,14455,24
196,3,networth_ge_100k,-0.006867771201753359,0.03184632402430008,0.8292578507763902,-0.06928656628938151,0.055551023885874795,66618,66618,7402,24
196,4,networth_ge_1m,0.06460225658888022,0.04205219804984408,0.12447959976448736,-0.01782005158881418,0.1470245647665746,66618,66618,7402,24
197,3,networth_ge_100k,0.039386687001266324,0.020077589107350698,0.04979463427913515,3.461235085895631e-05,0.07873876165167369,139923,139923,15547,24
197,4,networth_ge_1m,0.050203405047010236,0.024720468583890255,0.042270864091531114,0.0017512866225853352,0.09865552347143514,139923,139923,15547,24
198,3,networth_ge_100k,0.03132709194786697,0.01640565927571258,0.05619380740669398,-0.0008280002325296923,0.06348218412826362,193626,193626,21514,24
198,4,networth_ge_1m,0.006657110552583917,0.01964958928248372,0.7347669305849401,-0.03185608444108417,0.045170305546252,193626,193626,21514,24
199,3,networth_ge_100k,0.014793840549996051,0.016620969328308297,0.3734278358813594,-0.017783259333488212,0.047370940433480314,186705,186705,20745,24
199,4,networth_ge_1m,-0.03677232168022618,0.019820277931901747,0.06355512619050503,-0.0756200664267536,0.002075423066301249,186705,186705,20745,24
200,3,networth_ge_100k,0.07111883883811486,0.03563049343729433,0.04593278045982592,0.0012830717010179765,0.14095460597521176,48726,48726,5414,24
200,4,networth_ge_1m,0.17177817710383614,0.04539505533181628,0.00015428289524990524,0.08280386865347623,0.26075248555419606,48726,48726,5414,24
201,3,networth_ge_100k,0.025673935641464085,0.01632250717979849,0.11573822808034373,-0.00631817843094095,0.05766604971386912,195687,195687,21743,24
201,4,networth_ge_1m,-0.00799699066596693,0.019415114732057936,0.6804163108748471,-0.046050615540800484,0.030056634208866624,195687,195687,21743,24
202,3,networth_ge_100k,-0.00581870149273625,0.02043406681690509,0.7758318953771138,-0.04586947245387023,0.03423206946839773,127080,127080,14120,24
202,4,networth_ge_1m,-0.04272405752754757,0.025046314848023818,0.08804492411162458,-0.09181483462967426,0.006366719574579113,127080,127080,14120,24
203,3,networth_ge_100k,-0.003449945712331731,0.02013552020774533,0.8639593321021858,-0.04291556531951257,0.03601567389484911,139212,139212,15468,24
203,4,networth_ge_1m,-0.040511023794273876,0.024647929299983967,0.10026147714676405,-0.08882096522224245,0.007798917633694696,139212,139212,15468,24
204,3,networth_ge_100k,0.07821106112393265,0.03525980543065893,0.026545527334650872,0.009101842479841152,0.14732027976802414,50733,50733,5637,24
204,4,networth_ge_1m,0.15027850360418152,0.04537924210471225,0.0009275965572796562,0.0613351890789455,0.23922181812941753,50733,50733,5637,24
205,3,networth_ge_100k,0.02407100917612122,0.021126690592620307,0.254551000092506,-0.01733730438541458,0.06547932273765703,121221,121221,13469,24
205,4,networth_ge_1m,-0.008914838885614215,0.025428515314327955,0.7259002176338711,-0.05875472890169701,0.04092505113046858,121221,121221,13469,24
206,3,networth_ge_100k,0.016048037539754978,0.016236457257379253,0.32295910357288493,-0.01577541868470836,0.047871493764218315,196956,196956,21884,24
206,4,networth_ge_1m,-0.014098965579261408,0.019448068195052206,0.46847991199801853,-0.05221717924156373,0.024019248083040914,196956,196956,21884,24
207,3,networth_ge_100k,0.0009994303092399348,0.018999204760863583,0.9580475916417903,-0.03623901102205269,0.03823787164053256,149562,149562,16618,24
207,4,networth_ge_1m,-0.020038406002231668,0.023377711346193073,0.39135724673192773,-0.0658587202407701,0.025781908236306758,149562,149562,16618,24
208,3,networth_ge_100k,-0.0018155160061411324,0.030547037757776424,0.9526068665921459,-0.06168771001138292,0.05805667799910066,67770,67770,7530,24
208,4,networth_ge_1m,0.000901601078657388,0.0396620862827227,0.981863999168345,-0.0768360880354791,0.07863929019279388,67770,67770,7530,24
209,3,networth_ge_100k,-0.03517023302162389,0.020355962631566634,0.08403112910512328,-0.0750679197794945,0.004727453736246709,128178,128178,14242,24
209,4,networth_ge_1m,-0.08297504599615806,0.024683504775077532,0.0007750392911187187,-0.13135471535531001,-0.0345953766370061,128178,128178,14242,24
210,3,networth_ge_100k,-0.01077130618832424,0.020236569551254545,0.5945394412107223,-0.050434982508783144,0.028892370132134665,137358,137358,15262,24
210,4,networth_ge_1m,-0.030303492746230495,0.024844366773007935,0.2225661268261705,-0.07899845162132604,0.01839146612886506,137358,137358,15262,24
211,3,networth_ge_100k,0.06458537288366754,0.016376878904326396,8.023656206919937e-05,0.03248669023118781,0.09668405553614728,201609,201609,22401,24
211,4,networth_ge_1m,0.04589091963531575,0.019578053514850948,0.019078270167432285,0.007517934746207891,0.0842639045244236,201609,201609,22401,24
212,3,networth_ge_100k,0.027374907792151737,0.02067045302049473,0.18538693906440862,-0.01313918012801793,0.0678889957123214,125784,125784,13976,24
212,4,networth_ge_1m,0.032154283930387065,0.025059905797385217,0.199458178821591,-0.01696313143248796,0.08127169929326208,125784,125784,13976,24
213,3,networth_ge_100k,0.089217575293912,0.033173901473708196,0.007158262846219026,0.02419672840544393,0.15423842218238007,61596,61596,6844,24
213,4,networth_ge_1m,0.17269823784932856,0.042134907010123956,4.154816310668696e-05,0.0901138201094856,0.2552826555891715,61596,61596,6844,24
214,3,networth_ge_100k,0.030699848171426958,0.014020350452955615,0.028548657676127596,0.0032199612836339535,0.05817973505921996,260964,260964,28996,24
214,4,networth_ge_1m,-0.016550056767944493,0.01670212697366904,0.3217367763141904,-0.049286225636335806,0.01618611210044682,260964,260964,28996,24
215,3,networth_ge_100k,0.0036350872059038586,0.0171820823772162,0.8324482358950172,-0.03004179425343989,0.03731196866524761,175113,175113,19457,24
215,4,networth_ge_1m,-0.01691770012570161,0.02052179367302814,0.40972522920745424,-0.05714041572483677,0.023305015473433548,175113,175113,19457,24
216,3,networth_ge_100k,-0.08194014712792355,0.0310483799027712,0.008312355226454954,-0.14279497173735511,-0.021085322518492003,64107,64107,7123,24
216,4,networth_ge_1m,-0.0345731939769833,0.04001903814309127,0.38763257303339493,-0.11301050873744219,0.04386412078347558,64107,64107,7123,24
217,3,networth_ge_100k,-0.00649181840348996,0.01649373331008755,0.6938815309267378,-0.03881953569126156,0.025835898884281637,192870,192870,21430,24
217,4,networth_ge_1m,-0.04602394958600137,0.019674832392057775,0.019323555836936276,-0.0845866210744346,-0.007461278097568129,192870,192870,21430,24
218,3,networth_ge_100k,0.02057351137357258,0.01990401907381513,0.30130634619232055,-0.018438366011105073,0.05958538875825023,133641,133641,14849,24
218,4,networth_ge_1m,-0.00263817178187431,0.024225935366391112,0.9132828733133821,-0.05012100510000089,0.04484466153625227,133641,133641,14849,24
219,3,networth_ge_100k,-0.11292412019731693,0.03115127082246838,0.0002889340496424262,-0.17398061100935497,-0.051867629385278904,62496,62496,6944,24
219,4,networth_ge_1m,-0.09516101378140276,0.039196119440758306,0.015189996410269123,-0.17198540788528904,-0.018336619677516486,62496,62496,6944,24
220,3,networth_ge_100k,0.01189502898690771,0.02077936212283716,0.5670209594168816,-0.02883252077385312,0.05262257874766854,130707,130707,14523,24
220,4,networth_ge_1m,0.028894144951190207,0.025345717547965822,0.25428585819756633,-0.020783461442822802,0.07857175134520322,130707,130707,14523,24
221,3,networth_ge_100k,-0.007781493522562771,0.028679558980628427,0.7861407534980586,-0.06399342912459449,0.04843044207946894,71604,71604,7956,24
221,4,networth_ge_1m,0.036170117462295814,0.03653311470504422,0.32214289443767685,-0.035434787359590866,0.1077750222841825,71604,71604,7956,24
222,3,networth_ge_100k,-0.1269337658769228,0.03528696413503936,0.0003216787247889185,-0.19609621558159993,-0.05777131617224565,54369,54369,6041,24
222,4,networth_ge_1m,0.01513029961299417,0.046110590627711785,0.7428128552193879,-0.07524645801732092,0.10550705724330926,54369,54369,6041,24
223,3,networth_ge_100k,0.029329199440024004,0.014062963314140232,0.03701820340766183,0.0017657913443091498,0.056892607535738854,262548,262548,29172,24
223,4,networth_ge_1m,-0.0032329578064421716,0.01678713262874378,0.8472836261345806,-0.03613573775877998,0.029669822145895634,262548,262548,29172,24
224,3,networth_ge_100k,0.01638569929053174,0.02002245796657073,0.4131482169524765,-0.022858318323946893,0.055629716905010375,137592,137592,15288,24
224,4,networth_ge_1m,0.0011096269238317913,0.024915254591221087,0.9644771199409051,-0.04772427207496154,0.049943525922625125,137592,137592,15288,24
225,3,networth_ge_100k,0.09877938829656413,0.03108735298572126,0.0014856182701206899,0.03784817644455046,0.1597106001485778,71370,71370,7930,24
225,4,networth_ge_1m,0.20102238935083988,0.03979306510601629,4.379087893688158e-07,0.12302798174304795,0.2790167969586318,71370,71370,7930,24
226,3,networth_ge_100k,0.13317429317704454,0.03996849751384324,0.000862299969340885,0.0548360380499118,0.2115125483041773,44460,44460,4940,24
226,4,networth_ge_1m,0.28808758650506366,0.052312994726101555,3.650032499616843e-08,0.18555411684190462,0.39062105616822274,44460,44460,4940,24
227,3,networth_ge_100k,0.06924635434304383,0.02432164402220401,0.004411835178788614,0.021575932059523968,0.11691677662656369,105291,105291,11699,24
227,4,networth_ge_1m,0.08430138524783787,0.031553511803724725,0.007546902730069086,0.022456502112537406,0.14614626838313832,105291,105291,11699,24
228,3,networth_ge_100k,0.03207397723899259,0.021543393342281447,0.13653792428431374,-0.010151073711879045,0.07429902818986422,117486,117486,13054,24
228,4,networth_ge_1m,0.03646228641348889,0.026162032021445222,0.16340518641335466,-0.014815296348543741,0.08773986917552153,117486,117486,13054,24
229,3,networth_ge_100k,0.025993298033441217,0.032251334979186946,0.42026569718601037,-0.037219318525765197,0.08920591459264764,61812,61812,6868,24
229,4,networth_ge_1m,0.15775732296688755,0.04136614760108255,0.0001369117431707887,0.07667967366876575,0.23883497226500933,61812,61812,6868,24
230,3,networth_ge_100k,-0.006970066007135289,0.019084800364503284,0.7149505059265624,-0.04437627472156173,0.03043614270729115,150696,150696,16744,24
230,4,networth_ge_1m,-0.023630796473018606,0.023213338718177715,0.30868578358089904,-0.06912894036064693,0.021867347414609717,150696,150696,16744,24
231,3,networth_ge_100k,0.11696088698864063,0.04286682145002265,0.006362864951890008,0.032941916946596234,0.20097985703068502,36819,36819,4091,24
231,4,networth_ge_1m,0.5162735894571473,0.05618533717930834,3.973950467297021e-20,0.40615032858570294,0.6263968503285916,36819,36819,4091,24
232,3,networth_ge_100k,-0.06629242794712506,0.03248826896347635,0.04130019844857282,-0.1299694351155387,-0.002615420778711422,65223,65223,7247,24
232,4,networth_ge_1m,0.05038135990704065,0.04182416316096509,0.22835800639741954,-0.031593999888450935,0.13235671970253224,65223,65223,7247,24
233,3,networth_ge_100k,0.009997317563503832,0.02162404085477442,0.6438488420651315,-0.03238580251185403,0.052380437638861695,117342,117342,13038,24
233,4,networth_ge_1m,0.022821621728646962,0.02611004233138323,0.38208812121125457,-0.02835406124086417,0.0739973046981581,117342,117342,13038,24
234,3,networth_ge_100k,0.028070352999691434,0.020013442648044884,0.16074363081725862,-0.011155994590476538,0.0672967005898594,136053,136053,15117,24
234,4,networth_ge_1m,0.012137259648908383,0.02451530242704131,0.6205372093430713,-0.035912733108092586,0.06018725240590935,136053,136053,15117,24
235,3,networth_ge_100k,0.0048756720421682664,0.02002456505096234,0.807630058861074,-0.03437247545771792,0.04412381954205445,133083,133083,14787,24
235,4,networth_ge_1m,-0.02468307155082311,0.024426959380127674,0.3122630705764198,-0.07255991193587336,0.02319376883422713,133083,133083,14787,24
236,3,networth_ge_100k,-0.04018260851589245,0.03131823470129277,0.19947738402392878,-0.10156634853042627,0.021201131498641376,65970,65970,7330,24
236,4,networth_ge_1m,-0.05938720476587239,0.04123358039397442,0.14979297389243268,-0.14020502233806226,0.021430612806317473,65970,65970,7330,24
237,3,networth_ge_100k,-0.09466025377133824,0.03178830302762394,0.002902942277754693,-0.15696532770548116,-0.03235517983719532,62424,62424,6936,24
237,4,networth_ge_1m,-0.11110822421668344,0.04014483529397573,0.005645614106249521,-0.1897921013928759,-0.032424347040491006,62424,62424,6936,24
238,3,networth_ge_100k,0.04052554946506863,0.016066962086994964,0.011659330248107903,0.009034303774558501,0.07201679515557877,203103,203103,22567,24
238,4,networth_ge_1m,-0.004336893126380109,0.019188882224479124,0.8211930811108494,-0.04194710228635919,0.033273316033598975,203103,203103,22567,24
239,3,networth_ge_100k,-0.011278649245007294,0.01953300769941824,0.5636592264565896,-0.049563344335867045,0.027006045845852457,142299,142299,15811,24
239,4,networth_ge_1m,-0.04707707586143192,0.024014241708287278,0.04995121321676486,-0.09414498960967499,-9.162113188854182e-06,142299,142299,15811,24
240,3,networth_ge_100k,-0.22890868582833712,0.036141953966716336,2.395056861081601e-10,-0.2997469156031011,-0.15807045605357312,49743,49743,5527,24
240,4,networth_ge_1m,-0.09254558254202233,0.045240808149720466,0.0407935968032446,-0.18121756651547444,-0.0038735985685702246,49743,49743,5527,24
241,3,networth_ge_100k,0.0205782584468846,0.01420795728518035,0.1475159737965436,-0.007269337832068883,0.04842585472583809,256617,256617,28513,24
241,4,networth_ge_1m,-0.006972881549747706,0.016836661011960512,0.6787651967880219,-0.03997273713319031,0.026026974033694895,256617,256617,28513,24
242,3,networth_ge_100k,0.04249521427025067,0.012360126800667474,0.0005858354172797469,0.018269365740942425,0.06672106279955892,333936,333936,37104,24
242,4,networth_ge_1m,0.0008427270407864451,0.014684820798937084,0.9542364177780547,-0.02793952172513024,0.02962497580670313,333936,333936,37104,24
243,3,networth_ge_100k,-0.005219071774923895,0.03044901999642442,0.8639064208948887,-0.06489915096791576,0.05446100741806797,73161,73161,8129,24
243,4,networth_ge_1m,0.08102175601782301,0.04019216714766712,0.04381468514149026,0.002245108408395452,0.15979840362725056,73161,73161,8129,24
244,3,networth_ge_100k,0.02801881519533704,0.014462234211465485,0.0526991470941709,-0.0003271638591353099,0.05636479424980939,242649,242649,26961,24
244,4,networth_ge_1m,-0.018498618520409904,0.01712160437093038,0.2799527311016916,-0.05205696308743345,0.015059726046613639,242649,242649,26961,24
245,3,networth_ge_100k,0.06648706656139182,0.01705442536364765,9.678127909087845e-05,0.03306039284864242,0.09991374027414121,179523,179523,19947,24
245,4,networth_ge_1m,0.026602514044139422,0.020360617120602848,0.19135975000702143,-0.013304295512242159,0.066509323600521,179523,179523,19947,24
246,3,networth_ge_100k,0.0404222569651321,0.02185146124557963,0.06433298573278709,-0.002406607076203972,0.08325112100646817,110763,110763,12307,24
246,4,networth_ge_1m,0.006472735381512482,0.026232073255938113,0.8051025548981933,-0.04494212820012622,0.05788759896315118,110763,110763,12307,24
247,3,networth_ge_100k,0.2005985547880359,0.038426814963510664,1.7865730792149316e-07,0.12528199745955498,0.2759151121165168,45045,45045,5005,24
247,4,networth_ge_1m,0.2940497156342619,0.04893081384611567,1.860966025916701e-09,0.1981453204958752,0.38995411077264863,45045,45045,5005,24
248,3,networth_ge_100k,0.040304584276668026,0.016689250615810034,0.0157350956925732,0.0075936530696803575,0.0730155154836557,185400,185400,20600,24
248,4,networth_ge_1m,-0.007115903353698411,0.019862636512684977,0.7201519442512556,-0.04604667091856097,0.03181486421116415,185400,185400,20600,24
249,3,networth_ge_100k,0.04815584798538591,0.02060463369640218,0.01943207126095981,0.007770765940437643,0.08854093003033418,125883,125883,13987,24
249,4,networth_ge_1m,0.00842333056662492,0.025123317309668047,0.7374143373661456,-0.04081837136032445,0.05766503249357429,125883,125883,13987,24
250,3,networth_ge_100k,0.026051325212785623,0.017002934431076682,0.12548137220140743,-0.0072744262721246705,0.059377076697695916,181089,181089,20121,24
250,4,networth_ge_1m,0.0063164502975839865,0.0201810610204959,0.7542890121838184,-0.033238429302587975,0.04587132989775595,181089,181089,20121,24
251,3,networth_ge_100k,0.016427879351439093,0.01660843460965549,0.32260017682358766,-0.01612465248348567,0.048980411186363856,190422,190422,21158,24
251,4,networth_ge_1m,-0.024011696046007697,0.01997197379970185,0.22925910864909504,-0.06315676469342332,0.01513337260140793,190422,190422,21158,24
252,3,networth_ge_100k,-0.015945330239451744,0.013660848553620887,0.2431181494587673,-0.04272059340454868,0.010829932925645193,271134,271134,30126,24
252,4,networth_ge_1m,-0.07107040711217968,0.016242007727558596,1.2103472261391815e-05,-0.10290474225819453,-0.03923607196616484,271134,271134,30126,24
253,3,networth_ge_100k,-0.08365235380018937,0.03657221111143251,0.02217714576139875,-0.1553338875785971,-0.011970820021781653,49761,49761,5529,24
253,4,networth_ge_1m,0.0376441861008448,0.046739272305968006,0.42058424871933675,-0.05396478761885248,0.12925315982054209,49761,49761,5529,24
254,3,networth_ge_100k,0.07774637741621032,0.022167687959185674,0.000452859230679919,0.0342977090162064,0.12119504581621424,109881,109881,12209,24
254,4,networth_ge_1m,0.07224510453672368,0.02683875839457492,0.007106330441335583,0.019641138083356845,0.12484907099009052,109881,109881,12209,24
255,3,networth_ge_100k,0.012084127806168105,0.020056241712867042,0.5468333280935052,-0.0272261059510513,0.05139436156338751,136638,136638,15182,24
255,4,networth_ge_1m,-0.010678876751826688,0.024330120609433528,0.6607224762864241,-0.0583659131463164,0.037008159642663026,136638,136638,15182,24
256,3,networth_ge_100k,-0.017990509169335644,0.017023561014295238,0.2906026091424939,-0.05135668875735431,0.01537567041868302,179577,179577,19953,24
256,4,networth_ge_1m,-0.046902070076292976,0.02021483661083367,0.02033111405167557,-0.08652314983352696,-0.007280990319058989,179577,179577,19953,24
257,3,networth_ge_100k,0.02103230679098439,0.019953277306801413,0.2918472958170931,-0.018076116730346377,0.060140730312315156,140319,140319,15591,24
257,4,networth_ge_1m,0.04218907770091557,0.024623086212108552,0.08663985894581985,-0.006072171274817191,0.09045032667664832,140319,140319,15591,24
258,3,networth_ge_100k,0.03073661844410147,0.034297090333521484,0.3701527115621094,-0.03648567860960064,0.09795891549780358,54972,54972,6108,24
258,4,networth_ge_1m,0.15298875025511632,0.04274707137271793,0.00034500465257327693,0.06920449036458919,0.23677301014564345,54972,54972,6108,24
259,3,networth_ge_100k,0.05969337950232298,0.031175096377035545,0.055520858886688236,-0.0014098093966666836,0.12079656840131264,64764,64764,7196,24
259,4,networth_ge_1m,0.15679006271782844,0.039898866417610784,8.505645360456825e-05,0.07858828453931131,0.23499184089634556,64764,64764,7196,24
260,3,networth_ge_100k,0.03640197311771656,0.02033880411792659,0.073489378254678,-0.003462082953419557,0.07626602918885268,132678,132678,14742,24
260,4,networth_ge_1m,-0.014914075835759516,0.024661729737366144,0.5453479557801557,-0.06325106612099715,0.033422914449478126,132678,132678,14742,24
261,3,networth_ge_100k,0.05295523553686858,0.01670968352653455,0.0015289359300173955,0.020204255824860858,0.08570621524887631,189072,189072,21008,24
261,4,networth_ge_1m,0.02316147650600872,0.019945075352208436,0.24553499265817214,-0.01593087118431981,0.06225382419633725,189072,189072,21008,24
262,3,networth_ge_100k,0.0567195137235009,0.02003483901556333,0.0046396316760286705,0.017451229252996768,0.09598779819400502,134946,134946,14994,24
262,4,networth_ge_1m,0.02236762948105156,0.024545805901935853,0.36215800213475924,-0.02574215008674271,0.07047740904884583,134946,134946,14994,24
263,3,networth_ge_100k,0.032569939806632614,0.020839217023209414,0.11807242044706732,-0.008274925558857837,0.07341480517212307,131508,131508,14612,24
263,4,networth_ge_1m,0.0015624219907700854,0.025731696944481113,0.9515824091232508,-0.048871704020412896,0.051996548001953066,131508,131508,14612,24
264,3,networth_ge_100k,-0.2318618029292333,0.031656950976636976,2.4033016093533414e-13,-0.2939094268434418,-0.16981417901502482,60678,60678,6742,24
264,4,networth_ge_1m,-0.22855973130395585,0.04122762347470801,2.9589353279815744e-08,-0.30936587331438353,-0.14775358929352816,60678,60678,6742,24
265,3,networth_ge_100k,-0.04129183881076698,0.019659029473164724,0.03569360953752858,-0.07982353657816985,-0.0027601410433641185,138276,138276,15364,24
265,4,networth_ge_1m,-0.07734657486105323,0.023767359238603864,0.0011366446296580297,-0.1239305989687168,-0.030762550753389656,138276,138276,15364,24
266,3,networth_ge_100k,0.015794964785295726,0.01650275664899833,0.3385113890678032,-0.016550438246741003,0.048140367817332455,189126,189126,21014,24
266,4,networth_ge_1m,-0.01912357796221867,0.019803694157116247,0.3342157905082802,-0.05793881851016651,0.019691662585729172,189126,189126,21014,24
267,3,networth_ge_100k,0.062181603414210335,0.031132249378305114,0.04578855226135675,0.001162394632732315,0.12320081219568835,60885,60885,6765,24
267,4,networth_ge_1m,0.15219818240646577,0.0402771539536596,0.00015760362868780605,0.07325496065729295,0.23114140415563858,60885,60885,6765,24
268,3,networth_ge_100k,-0.0014543209875309826,0.02024691439784784,0.942737782557814,-0.041138273207312746,0.03822963123225078,130680,130680,14520,24
268,4,networth_ge_1m,-0.015622514219985228,0.02461949931772305,0.5257163576573043,-0.0638767328827224,0.032631704442751944,130680,130680,14520,24
269,3,networth_ge_100k,0.010056018014583792,0.019963229668553063,0.6144532243793762,-0.029071912135780212,0.0491839481649478,137439,137439,15271,24
269,4,networth_ge_1m,-0.01792119595302727,0.024393924688004734,0.462547704575884,-0.06573328834151654,0.029890896435462007,137439,137439,15271,24
270,3,networth_ge_100k,0.03426714464051342,0.01153252619085231,0.002964959359183812,0.011663393306442893,0.056870895974583946,379449,379449,42161,24
270,4,networth_ge_1m,-0.0265346229515058,0.013593311358760797,0.050934019560867815,-0.05317751321467696,0.00010826731166536235,379449,379449,42161,24
271,3,networth_ge_100k,0.007303152636066235,0.020217292223981293,0.7179252928215201,-0.0323227401229371,0.04692904539506957,137898,137898,15322,24
271,4,networth_ge_1m,0.007018240539170231,0.02455474582797454,0.775015892792795,-0.04110906128365986,0.055145542362000324,137898,137898,15322,24
272,3,networth_ge_100k,-0.0331935632138361,0.03275792155266578,0.3109174515899633,-0.09739908945706102,0.031011963029388828,58410,58410,6490,24
272,4,networth_ge_1m,-0.04341102924880688,0.042395222081919155,0.3058539718565053,-0.12650566452936843,0.039683606031754665,58410,58410,6490,24
273,3,networth_ge_100k,-0.02878448873930431,0.02039044635134445,0.15804848933380788,-0.06874976358793944,0.011180786109330813,124488,124488,13832,24
273,4,networth_ge_1m,-0.06819320850908128,0.024654085790886033,0.005674848390288681,-0.11651521665921791,-0.019871200358944657,124488,124488,13832,24
274,3,networth_ge_100k,-0.011428055391395006,0.022118340551373565,0.6053811002737315,-0.054780002872087195,0.03192389208929718,111465,111465,12385,24
274,4,networth_ge_1m,-0.036454723793748325,0.026839892151839396,0.17439098498276995,-0.08906091241135354,0.01615146482385689,111465,111465,12385,24
275,3,networth_ge_100k,0.04074101510289424,0.02114496076458139,0.05401101775396469,-0.0007031079956852787,0.08218513820147376,123606,123606,13734,24
275,4,networth_ge_1m,0.03754237216679711,0.025837739756214555,0.14622228933486497,-0.01309959775538342,0.08818434208897763,123606,123606,13734,24
276,3,networth_ge_100k,0.039069897756958016,0.015822020149900768,0.013536372022923867,0.008058738263152513,0.07008105725076352,213174,213174,23686,24
276,4,networth_ge_1m,0.028144690168286246,0.01911771059779486,0.14097257355225862,-0.009326022603391673,0.06561540293996417,213174,213174,23686,24
277,3,networth_ge_100k,-0.044192413400847945,0.02078705774123937,0.03350675000472824,-0.0849350465736771,-0.003449780228018784,126009,126009,14001,24
277,4,networth_ge_1m,-0.0674063966736202,0.025040091414475156,0.007103795382361042,-0.11648497584599149,-0.018327817501248893,126009,126009,14001,24
278,3,networth_ge_100k,0.05013356369165198,0.021725577201350516,0.021022363807686583,0.007551432377004966,0.09271569500629899,116982,116982,12998,24
278,4,networth_ge_1m,0.06651857661502776,0.026341282971339194,0.011561286445794428,0.014889661991202945,0.11814749123885257,116982,116982,12998,24
279,3,networth_ge_100k,0.06561505522836303,0.01931451504362895,0.0006808196317031965,0.027758605742850287,0.10347150471387577,152865,152865,16985,24
279,4,networth_ge_1m,0.07129265339503585,0.02364001821966465,0.0025633492029258796,0.024958217684493134,0.11762708910557856,152865,152865,16985,24
280,3,networth_ge_100k,0.010624396289356824,0.020312216606461708,0.6009363278844693,-0.029187548259308124,0.05043634083802177,133659,133659,14851,24
280,4,networth_ge_1m,0.014100141151713264,0.024661894163752914,0.5674995108268585,-0.03423717140924245,0.062437453712668976,133659,133659,14851,24
281,3,networth_ge_100k,-0.04912568087478769,0.016177559935067146,0.002392184633426349,-0.0808336983475193,-0.017417663402056083,197505,197505,21945,24
281,4,networth_ge_1m,-0.08429237076832488,0.01935349761705182,1.3281953067764527e-05,-0.12222522609774644,-0.04635951543890331,197505,197505,21945,24
282,3,networth_ge_100k,-0.05040451354728603,0.03287296512671919,0.12519898701392015,-0.11483552519565562,0.014026498101083577,56988,56988,6332,24
282,4,networth_ge_1m,0.03228774213283131,0.041926952128961234,0.4412434578069514,-0.04988908403993271,0.11446456830559533,56988,56988,6332,24
283,3,networth_ge_100k,0.017776382544608477,0.013898872842476864,0.20090404424457142,-0.009465408226646176,0.04501817331586313,266274,266274,29586,24
283,4,networth_ge_1m,-0.022572684336561954,0.01659489008041577,0.17376064040570527,-0.05509866889417686,0.009953300221052952,266274,266274,29586,24
284,3,networth_ge_100k,0.12272869364466155,0.029839425654367084,3.905993970255798e-05,0.06424341936210207,0.18121396792722103,73098,73098,8122,24
284,4,networth_ge_1m,0.22601421832287807,0.03795509130687323,2.60421921968944e-09,0.15162223936140654,0.3004061972843496,73098,73098,8122,24
285,3,networth_ge_100k,0.0254391946229533,0.022424520687383997,0.25661149839476294,-0.018512865924319333,0.06939125517022593,109611,109611,12179,24
285,4,networth_ge_1m,0.01083385922530769,0.027323684742677858,0.6917357159029709,-0.04272056287034091,0.06438828132095628,109611,109611,12179,24
286,3,networth_ge_100k,-0.2710985317561381,0.03150272164873704,7.59456820223913e-18,-0.33284386618766265,-0.20935319732461347,58347,58347,6483,24
286,4,networth_ge_1m,-0.31702680760845053,0.03977146629586721,1.5712511756078266e-15,-0.39497888154835026,-0.2390747336685508,58347,58347,6483,24
287,3,networth_ge_100k,-0.0727066986735785,0.03133795689144316,0.020336322831493565,-0.1341290941808071,-0.011284303166349902,58464,58464,6496,24
287,4,networth_ge_1m,-0.12046078656629787,0.04048412805044833,0.0029250514176699174,-0.1998096775451766,-0.04111189558741915,58464,58464,6496,24
288,3,networth_ge_100k,-0.08838497426688849,0.033412697574425165,0.008163032208529148,-0.1538738615127618,-0.02289608702101517,57249,57249,6361,24
288,4,networth_ge_1m,-0.055163174471980325,0.04407951434824055,0.21077145139575737,-0.1415590225945318,0.03123267365057114,57249,57249,6361,24
289,3,networth_ge_100k,-0.05976590143846544,0.026244839654142867,0.022771663962425453,-0.11120578716058546,-0.00832601571634542,92070,92070,10230,24
289,4,networth_ge_1m,-0.01295456145124027,0.03400343559023611,0.7032195607916997,-0.07960129520810304,0.053692172305622496,92070,92070,10230,24
290,3,networth_ge_100k,0.009681674456828132,0.020686026838402243,0.6397633673002517,-0.030862938146440262,0.050226287060096526,126135,126135,14015,24
290,4,networth_ge_1m,-0.031212085695776326,0.025078694203464067,0.21329138975288164,-0.08036632633456589,0.017942154943013246,126135,126135,14015,24
291,3,networth_ge_100k,0.02563677395695002,0.030536397921835115,0.4011618258608115,-0.0342145659698468,0.08548811388374684,69237,69237,7693,24
291,4,networth_ge_1m,0.1569024152392447,0.04019604931758931,9.483947181413442e-05,0.07811815857676965,0.23568667190171974,69237,69237,7693,24
292,3,networth_ge_100k,0.013874594141221247,0.013721818784072444,0.3119524169245095,-0.013020170675560744,0.04076935895800324,279351,279351,31039,24
292,4,networth_ge_1m,-0.014383880183891112,0.016391156208953657,0.38019390045715973,-0.04651054635344028,0.017742785985658052,279351,279351,31039,24
293,3,networth_ge_100k,0.0597105452747016,0.019854025576912137,0.0026342518489697922,0.02079665514395381,0.09862443540544938,140310,140310,15590,24
293,4,networth_ge_1m,0.06125982539453717,0.024094756765195447,0.011007689762737029,0.014034102134754096,0.10848554865432025,140310,140310,15590,24
294,3,networth_ge_100k,0.05956451425629296,0.03422416821803419,0.08178484807960927,-0.007514855451054042,0.12664388396363996,50850,50850,5650,24
294,4,networth_ge_1m,0.08441295020360719,0.0427652259124062,0.04839664981834131,0.0005931074152910332,0.16823279299192334,50850,50850,5650,24
295,3,networth_ge_100k,-0.012879190034143145,0.03249494750530564,0.6918509868632869,-0.0765692871445422,0.05081090707625591,56151,56151,6239,24
295,4,networth_ge_1m,0.016032904786729453,0.04133390489033026,0.6980992933069412,-0.06498154879831786,0.09704735837177675,56151,56151,6239,24
296,3,networth_ge_100k,0.013479043869748755,0.014366095153083817,0.34811397816135503,-0.014678502630295527,0.04163659036979304,250065,250065,27785,24
296,4,networth_ge_1m,-0.019003531323145306,0.01702150015675698,0.26423264096875965,-0.05236567163038899,0.014358608984098374,250065,250065,27785,24
297,3,networth_ge_100k,0.010663917903858705,0.01933853378349506,0.5813364515463304,-0.027239608311791612,0.04856744411950902,145386,145386,16154,24
297,4,networth_ge_1m,-0.037781503946895556,0.02347204967569404,0.10747689945934111,-0.08378672131125588,0.008223713417464765,145386,145386,16154,24
298,3,networth_ge_100k,0.09346169061052871,0.02152596744101832,1.4131282021909057e-05,0.051270794426132804,0.13565258679492462,118044,118044,13116,24
298,4,networth_ge_1m,0.07228449107224373,0.026088648828012873,0.00559315137644469,0.0211507393693385,0.12341824277514896,118044,118044,13116,24
299,3,networth_ge_100k,-0.0008385908666517783,0.03075767850244313,0.9782488194353002,-0.06112364073144031,0.059446458998136754,70137,70137,7793,24
299,4,networth_ge_1m,0.0037041214613428297,0.04107556758500751,0.9281455938290363,-0.07680399100527188,0.08421223392795754,70137,70137,7793,24
300,3,networth_ge_100k,0.01801300671192585,0.012298858295276669,0.14302788784814952,-0.00609275554681642,0.042118768970668116,339444,339444,37716,24
300,4,networth_ge_1m,-0.03318170440935608,0.014596833920422266,0.023013381178342326,-0.06179149889338373,-0.004571909925328441,339444,339444,37716,24
